Date,HomeTeam,AwayTeam,FTHG,FTAG,league_code,tm_code,home_club_id,home_club_name,away_club_id,away_club_name,tm_match_id,match_confidence,matches_found
2022-11-13,A. Klagenfurt,Salzburg,0.0,1.0,AUT,A1,28760,SK Austria Klagenfurt,409,Red Bull Salzburg,3856367,160,4
2022-11-12,A. Lustenau,Altach,3.0,0.0,AUT,A1,541,SC Austria Lustenau,3551,SCR Altach,3856368,160,5
2022-10-22,AC Oulu,VPS,0.0,0.0,FIN,FI1,,,,,,0,0
2022-12-21,AEK,Lamia,3.0,0.0,G1,GR1,2441,AEK Athens,3999,PAS Lamia 1964,3889078,210,5
2019-10-27,AFC Eskilstuna,Sirius,0.0,0.0,SWE,SE1,8877,AFC Eskilstuna,7945,IK Sirius,3151593,230,3
2022-12-26,AFC Wimbledon,Newport County,1.0,1.0,E3,GB4,3008,Hull City,1181,Blackpool FC,3857031,50,17
2022-11-06,AIK,Elfsborg,0.0,1.0,SWE,SE1,272,AIK,1101,IF Elfsborg,3731538,230,8
2022-10-30,AZ Alkmaar,Volendam,2.0,1.0,N1,NL1,1090,AZ Alkmaar,724,FC Volendam,3852602,230,4
2022-11-06,Aalborg,Silkeborg,1.0,2.0,DNK,DK1,1053,Aalborg BK,1177,Silkeborg IF,3828504,210,4
2022-11-06,Aalesund,Lillestrom,2.0,1.0,NOR,NO1,5619,Aalesunds FK,353,Lillestrøm SK,3750629,130,8
2019-06-02,Aarau,Xamax,0.0,5.0,SWZ,C1,,,,,,0,0
2022-11-13,Aarhus,FC Copenhagen,0.0,2.0,DNK,DK1,678,Aarhus GF,190,FC Copenhagen,3828509,230,5
2022-12-20,Aberdeen,Rangers,2.0,3.0,SC0,SC1,370,Aberdeen FC,124,Rangers FC,3890041,210,1
2022-05-16,Academica Clinceni,FC Botosani,0.0,4.0,ROU,RO1,,,,,,0,0
2022-12-26,Accrington,Barnsley,1.0,1.0,E2,GB3,3008,Hull City,1181,Blackpool FC,3857031,50,17
2022-12-25,Ad. Demirspor,Karagumruk,2.0,1.0,T1,TR1,,,,,,0,0
2022-05-14,Admira,Altach,0.0,3.0,AUT,A1,503,FC Admira Wacker Mödling,3551,SCR Altach,3764493,210,3
2022-11-19,Airdrie Utd,Kelty Hearts,1.0,0.0,SC2,SC3,,,,,,0,0
2022-12-28,Ajaccio,Angers,1.0,0.0,F1,FR1,1147,AC Ajaccio,1420,Angers SCO,3840109,210,6
2019-05-10,Ajaccio GFCO,Chateauroux,1.0,2.0,F2,FR2,3558,GFC Ajaccio,1175,LB Châteauroux,3048970,80,10
2022-11-09,Ajax,Vitesse,2.0,2.0,N1,NL1,610,Ajax Amsterdam,499,Vitesse Arnhem,3852601,210,1
2019-05-19,Akhisar Belediyespor,Kayserispor,2.0,2.0,T1,TR1,,,,,,0,0
2022-10-29,Akhmat Grozny,FK Rostov,1.0,2.0,RUS,RU1,3725,Terek Grozny,1083,FC Rostov,3925962,110,9
2022-12-28,Alanyaspor,Kayserispor,3.0,1.0,T1,TR1,,,,,,0,0
2022-12-12,Alaves,Levante,0.0,2.0,SP2,ES2,1108,Deportivo Alavés,3368,Levante UD,3850217,130,1
2022-12-18,Albacete,Ibiza,4.0,0.0,SP2,ES2,1532,Albacete Balompié,13241,UD Ibiza,3850233,210,4
2017-12-02,Albirex Niigata,Cerezo Osaka,1.0,0.0,JPN,JAP1,8344,Albirex Niigata,1022,Cerezo Osaka,2895179,250,9
2022-05-29,Alcorcon,Eibar,1.0,0.0,SP2,ES2,11596,AD Alcorcón,1533,SD Eibar,3614362,130,7
2022-10-16,Aldosivi,Talleres Cordoba,1.0,3.0,ARG,ARG1,,,,,,0,0
2022-05-06,Alessandria,Vicenza,0.0,1.0,I2,IT2,2721,US Alessandria Calcio 1912,2655,Vicenza Calcio,3625659,210,12
2014-05-17,All Boys,Belgrano,0.0,0.0,ARG,ARG1,12100,CA All Boys,2417,Club Atlético Belgrano,2451359,210,1
2022-12-31,Alloa,Kelty Hearts,0.0,0.0,SC2,SC3,,,,,,0,0
2022-11-09,Almeria,Getafe,1.0,0.0,SP1,ES1,3302,UD Almería,3709,Getafe CF,3886449,130,4
2022-11-06,Altach,Sturm Graz,1.0,1.0,AUT,A1,3551,SCR Altach,122,SK Sturm Graz,3856338,210,4
2022-05-21,Altay,Kasimpasa,2.0,4.0,T1,TR1,,,,,,0,0
2022-11-13,America MG,Atletico GO,1.0,1.0,BRA,BRA1,2863,América Futebol Clube (MG),15172,Atlético Clube Goianiense,3767922,50,10
2022-11-12,Amiens,Quevilly Rouen,0.0,2.0,F2,FR2,1416,Amiens SC,7124,Quevilly Rouen Métropole,3864951,210,12
2018-05-17,Amkar,Tambov,2.0,0.0,RUS,RU1,,,,,,0,0
2022-05-28,Amorebieta,Ponferradina,1.0,0.0,SP2,ES2,16575,SD Amorebieta,4032,SD Ponferradina,3614363,210,2
2022-11-13,Anderlecht,Genk,0.0,2.0,B1,BE1,58,RSC Anderlecht,1184,KRC Genk,3851237,210,6
2022-12-10,Andorra,Leganes,1.0,1.0,SP2,ES2,10718,FC Andorra,1244,CD Leganés,3850218,130,3
2022-11-05,Angers,Lens,1.0,2.0,F1,FR1,1420,Angers SCO,826,RC Lens,3840090,210,11
2022-12-27,Ankaragucu,Umraniyespor,1.0,2.0,T1,TR1,,,,,,0,0
2022-12-30,Annecy,Nimes,0.0,0.0,F2,FR2,30204,FC Annecy,1160,Nîmes Olympique,3864969,130,10
2022-12-23,Antalyaspor,Ankaragucu,0.0,2.0,T1,TR1,,,,,,0,0
2022-11-06,Antwerp,Anderlecht,0.0,0.0,B1,BE1,1096,Royal Antwerp FC,58,RSC Anderlecht,3851193,210,6
2022-05-07,Apollon,Lamia,0.0,0.0,G1,GR1,,,,,,0,0
2022-12-23,Arbroath,Queens Park,1.0,4.0,SC1,SC2,,,,,,0,2
2022-10-22,Argentinos Jrs,Velez Sarsfield,2.0,0.0,ARG,ARG1,,,,,,0,0
2022-12-29,Aris,Panetolikos,1.0,0.0,G1,GR1,605,Aris Thessaloniki,6418,Panetolikos GFS,3889085,210,2
2020-07-14,Arka Gdynia,Gornik Z.,1.0,2.0,POL,PL1,6107,Arka Gdynia,428,Górnik Zabrze,3386353,150,7
2022-11-12,Arouca,Rio Ave,0.0,1.0,P1,PO1,8024,FC Arouca,2425,Rio Ave FC,3869143,210,5
2022-12-26,Arsenal,West Ham,3.0,1.0,E0,GB1,11,Arsenal FC,379,West Ham United,3838252,210,17
2022-10-17,Arsenal Sarandi,Barracas Central,1.0,2.0,ARG,ARG1,,,,,,0,0
2022-05-21,Arsenal Tula,Ural,1.0,2.0,RUS,RU1,3729,Arsenal Tula,11127,Ural Yekaterinburg,3602643,230,18
2022-12-26,Ascoli,Reggina,0.0,1.0,I2,IT2,408,Ascoli Calcio 1898,1386,Reggina Calcio,3874098,210,10
2022-12-21,Asteras Tripolis,Volos NFC,0.0,0.0,G1,GR1,6676,Asteras Tripolis,60949,Volos NPS,3889079,180,5
2022-12-26,Aston Villa,Liverpool,1.0,3.0,E0,GB1,405,Aston Villa,31,Liverpool FC,3838253,230,17
2021-05-15,Astra,FC Voluntari,0.0,3.0,ROU,RO1,,,,,,0,0
2022-11-13,Atalanta,Inter,2.0,3.0,I1,IT1,800,Atalanta BC,46,Inter Milan,3844876,210,7
2022-11-08,Ath Bilbao,Valladolid,3.0,0.0,SP1,ES1,621,Athletic Bilbao,366,Real Valladolid CF,3886446,160,3
2022-12-29,Ath Madrid,Elche,2.0,0.0,SP1,ES1,,,,,,0,2
2022-11-13,Athletico-PR,Botafogo RJ,3.0,0.0,BRA,BRA1,679,Atlético Paranaense,537,Botafogo de Futebol e Regatas,3767931,80,10
2014-10-24,Athlone,Bray,1.0,1.0,IRL,IR1,,,,,,0,0
2017-06-25,Atl. Rafaela,Sarmiento Junin,2.0,3.0,ARG,ARG1,,,,,,0,0
2022-10-01,Atl. San Luis,Tigres UANL,0.0,3.0,MEX,MEX1,,,,,,0,2
2022-10-18,Atl. Tucuman,Union de Santa Fe,1.0,1.0,ARG,ARG1,,,,,,0,0
2022-10-09,Atlanta Utd,New York City,1.0,2.0,USA,MLS1,51663,Atlanta United FC,40058,New York City FC,3926888,160,14
2014-04-20,Atlante,Club Tijuana,1.0,2.0,MEX,MEX1,4035,CF Pachuca,5662,Puebla FC,2410524,50,7
2022-10-02,Atlas,Necaxa,1.0,0.0,MEX,MEX1,8590,Atlas Guadalajara,1146,Club Necaxa,3840710,210,5
2022-11-10,Atletico GO,Athletico-PR,1.0,1.0,BRA,BRA1,15172,Atlético Clube Goianiense,679,Atlético Paranaense,3767939,50,4
2022-11-10,Atletico-MG,Cuiaba,3.0,0.0,BRA,BRA1,,,,,,0,4
2022-12-28,Atromitos,PAOK,1.0,1.0,G1,GR1,3060,Atromitos Athens,1091,PAOK Thessaloniki,3889086,210,5
2015-10-26,Atvidabergs,Orebro,2.0,3.0,SWE,SE1,6139,Åtvidabergs FF,1056,Örebro SK,2553477,50,3
2022-11-12,Augsburg,Bochum,0.0,1.0,D1,L1,167,FC Augsburg,80,VfL Bochum,3839263,210,10
2022-10-24,Austin FC,FC Dallas,2.0,1.0,USA,MLS1,,,,,,0,0
2022-11-13,Austria Vienna,Wolfsberger AC,0.0,1.0,AUT,A1,14,Austria Vienna,4441,Wolfsberger AC,3856366,250,4
2022-12-28,Auxerre,Monaco,2.0,3.0,F1,FR1,290,AJ Auxerre,162,AS Monaco,3840110,210,6
2022-11-09,Avai,Ceara,2.0,0.0,BRA,BRA1,2035,Avaí FC,2029,Ceará Sporting Club,3767940,50,4
2020-07-21,Aves,Benfica,0.0,4.0,P1,PO1,3336,Desportivo Aves (- 2020),294,SL Benfica,3212687,210,2
2022-10-29,Avispa Fukuoka,Kashiwa Reysol,2.0,1.0,JPN,JAP1,9597,Avispa Fukuoka,6632,Kashiwa Reysol,3746322,250,9
2022-12-23,Ayr,Dundee,0.0,2.0,SC1,SC2,,,,,,0,2
2021-12-05,Bahia,Fluminense,2.0,0.0,BRA,BRA1,10010,Esporte Clube Bahia,2462,Fluminense Football Club,3584085,210,4
2022-10-23,Banfield,Sarmiento Junin,0.0,0.0,ARG,ARG1,,,,,,0,0
2022-12-31,Barcelona,Espanol,1.0,1.0,SP1,ES1,131,FC Barcelona,714,RCD Espanyol Barcelona,3886464,130,3
2022-12-26,Bari,Genoa,1.0,2.0,I2,IT2,332,AS Bari,252,Genoa CFC,3874099,210,10
2018-05-05,Barnet,Chesterfield,3.0,0.0,E3,GB4,,,,,,0,6
2022-12-29,Barnsley,Fleetwood Town,2.0,1.0,E2,GB3,,,,,,0,8
2022-10-24,Barracas Central,Newells Old Boys,1.0,1.0,ARG,ARG1,,,,,,0,0
2022-12-29,Barrow,Tranmere,1.0,2.0,E3,GB4,164,Blackburn Rovers,641,Middlesbrough FC,3856921,50,8
2022-11-06,Basel,Sion,0.0,0.0,SWZ,C1,26,FC Basel 1893,321,FC Sion,3840993,210,3
2022-12-30,Bastia,Valenciennes,1.0,0.0,F2,FR2,595,SC Bastia,1423,Valenciennes FC,3864970,210,10
2022-11-08,Bayern Munich,Werder Bremen,6.0,1.0,D1,L1,27,Bayern Munich,86,SV Werder Bremen,3839249,230,8
2022-04-01,Beerschot VA,Club Brugge,1.0,3.0,B1,BE1,41274,Beerschot VA,2282,Club Brugge KV,3598384,230,2
2022-12-27,Beijing Guoan,Shanghai Port,0.0,3.0,CHN,CSL,,,,,,0,4
2019-11-27,Beijing Renhe,Shanghai SIPG,1.0,1.0,CHN,CSL,17250,Shaanxi Chanba,27190,Shanghai East Asia,3156575,80,8
2022-05-09,Belenenses,Famalicao,2.0,3.0,P1,PO1,2457,B SAD,3329,FC Famalicão,3621598,50,1
2019-04-07,Belgrano,Godoy Cruz,1.0,0.0,ARG,ARG1,,,,,,0,0
2022-12-26,Benevento,Perugia,0.0,2.0,I2,IT2,4171,Benevento Calcio,839,AC Perugia Calcio,3874100,210,10
2022-11-13,Benfica,Gil Vicente,3.0,1.0,P1,PO1,294,SL Benfica,2424,Gil Vicente FC,3869140,210,9
2022-12-29,Besiktas,Ad. Demirspor,1.0,0.0,T1,TR1,,,,,,0,0
2022-12-29,Betis,Ath Bilbao,0.0,0.0,SP1,ES1,150,Real Betis Balompié,621,Athletic Bilbao,3886468,160,2
2019-05-17,Beziers,Nancy,3.0,0.0,F2,FR2,10867,AS Béziers,1159,AS Nancy-Lorraine,3048980,130,10
2022-11-13,Bielefeld,Magdeburg,3.0,1.0,D2,L2,10,Arminia Bielefeld,187,1.FC Magdeburg,3839321,210,5
2022-12-30,Birmingham,Hull,0.0,1.0,E1,GB2,337,Birmingham City,3008,Hull City,3856920,210,6
2013-05-31,Bistrita,Concordia,1.0,3.0,ROU,RO1,,,,,,0,0
2022-12-29,Blackburn,Middlesbrough,1.0,2.0,E1,GB2,164,Blackburn Rovers,641,Middlesbrough FC,3856921,210,8
2022-12-29,Blackpool,Sheffield United,1.0,2.0,E1,GB2,1181,Blackpool FC,350,Sheffield United,3856922,230,8
2022-11-12,Boavista,Porto,1.0,4.0,P1,PO1,2503,Boavista FC,720,FC Porto,3869141,210,5
2022-10-23,Boca Juniors,Independiente,2.0,2.0,ARG,ARG1,,,,,,0,0
2022-11-08,Bochum,M'gladbach,2.0,1.0,D1,L1,80,VfL Bochum,18,Borussia Mönchengladbach,3839255,130,8
2022-11-06,Bodo/Glimt,Viking,5.0,4.0,NOR,NO1,501,FK Bodø/Glimt,239,Viking FK,3750630,130,8
2022-11-06,Bohemians,Sligo Rovers,3.0,1.0,IRL,IR1,,,,,,0,0
2022-11-12,Bologna,Sassuolo,3.0,0.0,I1,IT1,1025,Bologna FC 1909,6574,US Sassuolo,3844877,210,11
2022-12-27,Bolton,Derby,0.0,0.0,E2,GB3,,,,,,0,4
2022-12-30,Bordeaux,Sochaux,2.0,1.0,F2,FR2,40,FC Girondins Bordeaux,750,FC Sochaux-Montbéliard,3888723,210,10
2022-11-10,Botafogo RJ,Santos,3.0,0.0,BRA,BRA1,,,,,,0,4
2022-12-31,Bournemouth,Crystal Palace,0.0,2.0,E0,GB1,989,AFC Bournemouth,873,Crystal Palace,3838262,230,6
2022-12-29,Bradford,Harrogate,1.0,0.0,E3,GB4,,,,,,0,8
2022-11-13,Bragantino,Fluminense,0.0,1.0,BRA,BRA1,8793,Red Bull Bragantino,2462,Fluminense Football Club,3767924,210,10
2019-11-06,Brage,Kalmar,0.0,2.0,SWE,SE1,,,,,,0,0
2021-12-15,Brann,Jerv,1.0,1.0,NOR,NO1,,,,,,0,0
2022-11-12,Braunschweig,Hansa Rostock,0.0,1.0,D2,L2,23,Eintracht Braunschweig,30,FC Hansa Rostock,3839329,210,10
2021-11-19,Bray,UC Dublin,0.0,2.0,IRL,IR1,,,,,,0,0
2019-05-04,Brechin,Stenhousemuir,1.0,1.0,SC2,SC3,,,,,,0,0
2022-12-26,Brentford,Tottenham,2.0,2.0,E0,GB1,1148,Brentford FC,148,Tottenham Hotspur,3838254,210,17
2022-12-26,Brescia,Palermo,1.0,1.0,I2,IT2,19,Brescia Calcio,458,US Palermo,3874101,210,10
2022-12-28,Brest,Lyon,2.0,4.0,F1,FR1,3911,Stade Brestois 29,1041,Olympique Lyon,3840116,210,6
2022-12-31,Brighton,Arsenal,2.0,4.0,E0,GB1,1237,Brighton & Hove Albion,11,Arsenal FC,3838263,210,6
2022-12-26,Bristol City,West Brom,0.0,2.0,E1,GB2,698,Bristol City,984,West Bromwich Albion,3857028,230,17
2022-12-29,Bristol Rvs,Exeter,3.0,4.0,E2,GB3,,,,,,0,8
2018-11-25,Brommapojkarna,AFC Eskilstuna,1.0,2.0,SWE,SE1,,,,,,0,0
2022-11-13,Brondby,Viborg,0.0,2.0,DNK,DK1,206,Bröndby IF,1063,Viborg FF,3828508,130,5
2022-12-18,Burgos,Huesca,1.0,1.0,SP2,ES2,1536,Burgos CF,5358,SD Huesca,3850228,210,4
2022-12-27,Burnley,Birmingham,3.0,0.0,E1,GB2,1132,Burnley FC,337,Birmingham City,3857029,210,4
2019-05-19,Bursaspor,Goztep,0.0,0.0,T1,TR1,,,,,,0,0
2022-12-26,Burton,Lincoln,3.0,0.0,E2,GB3,,,,,,0,17
2019-05-04,Bury,Port Vale,1.0,1.0,E3,GB4,,,,,,0,5
2022-12-27,Buyuksehyr,Antalyaspor,2.0,0.0,T1,TR1,,,,,,0,0
2022-10-23,CF Montreal,New York City,1.0,3.0,USA,MLS1,,,,,,0,0
2022-12-20,CFR Cluj,FC Hermannstadt,0.0,1.0,ROU,RO1,7769,CFR Cluj,58049,FC Hermannstadt,3953050,250,1
2013-05-26,CS Turnu Severin,FCSB,1.0,1.0,ROU,RO1,34767,CS Turnu-Severin (- 2013),301,Steaua Bucharest,2293420,50,3
2019-12-08,CSA,Sao Paulo,1.0,2.0,BRA,BRA1,18545,Centro Sportivo Alagoano (AL),585,São Paulo Futebol Clube,3285736,80,10
2022-11-05,CSKA Moscow,Pari NN,0.0,1.0,RUS,RU1,2410,CSKA Moscow,49702,FC Pari Nizhniy Novgorod,3925972,180,4
2019-10-18,Cabinteely,Drogheda,1.0,1.0,IRL,IR1,,,,,,0,0
2022-12-30,Cadiz,Almeria,1.0,1.0,SP1,ES1,940,Celta de Vigo,368,Sevilla FC,3886465,50,5
2022-11-12,Caen,Annecy,0.0,0.0,F2,FR2,1162,SM Caen,30204,FC Annecy,3864952,210,12
2022-12-26,Cagliari,Cosenza,2.0,0.0,I2,IT2,1390,Cagliari Calcio,4031,Cosenza Calcio,3874102,210,10
2021-05-29,Calarasi,FC Voluntari,1.0,2.0,ROU,RO1,,,,,,0,0
2022-12-26,Cambridge,Shrewsbury,2.0,1.0,E2,GB3,1031,Luton Town,1123,Norwich City,3857032,50,17
2022-11-04,Cambuur,Nijmegen,0.0,1.0,N1,NL1,133,SC Cambuur Leeuwarden,467,NEC Nijmegen,3852617,210,8
2022-12-27,Cangzhou,Hebei,3.0,0.0,CHN,CSL,,,,,,0,4
2022-12-26,Cardiff,QPR,0.0,0.0,E1,GB2,603,Cardiff City,1039,Queens Park Rangers,3857030,130,17
2022-12-26,Carlisle,Bradford,1.0,0.0,E3,GB4,,,,,,0,17
2019-05-11,Carpi,Venezia,2.0,3.0,I2,IT2,4102,Carpi FC 1909,607,Venezia FC,3092633,210,12
2022-12-17,Cartagena,Santander,0.0,3.0,SP2,ES2,7077,FC Cartagena,630,Racing Santander,3850229,210,5
2022-11-13,Casa Pia,Chaves,1.0,2.0,P1,PO1,3268,Casa Pia AC,3325,GD Chaves,3869137,210,9
2021-05-24,Castellon,Vallecano,0.0,2.0,SP2,ES2,2502,CD Castellón,367,Rayo Vallecano,3457377,130,9
2015-05-24,Ceahlaul,U Craiova,2.0,1.0,ROU,RO1,8687,Ceahlăul Piatra Neamț,40812,CS Universitatea Craiova,2546240,80,4
2022-11-13,Ceara,Juventude,4.0,1.0,BRA,BRA1,2029,Ceará Sporting Club,10492,Esporte Clube Juventude,3767928,130,10
2022-12-30,Celta,Sevilla,1.0,1.0,SP1,ES1,940,Celta de Vigo,368,Sevilla FC,3886465,210,5
2022-12-24,Celtic,St Johnstone,4.0,1.0,SC0,SC1,371,Celtic FC,2578,St. Johnstone FC,3890125,160,4
2022-10-19,Central Cordoba,Tigre,1.0,2.0,ARG,ARG1,,,,,,0,0
2022-11-05,Cercle Brugge,Oud-Heverlee Leuven,2.0,1.0,B1,BE1,520,Cercle Brugge,2727,Oud-Heverlee Leuven,3851195,250,6
2022-11-05,Cerezo Osaka,Nagoya Grampus,0.0,1.0,JPN,JAP1,1022,Cerezo Osaka,1066,Nagoya Grampus,3746293,250,9
2018-05-11,Chacarita Juniors,San Martin S.J.,1.0,4.0,ARG,ARG1,,,,,,0,0
2021-05-08,Chambly,Pau FC,1.0,0.0,F2,FR2,35012,FC Chambly Oise,3166,Pau FC,3394527,230,12
2022-11-26,Changchun Yatai,Cangzhou,0.0,2.0,CHN,CSL,4768,Changchun Yatai,35272,Shijiazhuang Ever Bright,3899949,150,7
2021-12-07,Chapecoense-SC,Sport Recife,0.0,1.0,BRA,BRA1,17776,Associação Chapecoense de Futebol,8718,Sport Club do Recife,3584087,110,4
2022-12-26,Charleroi,Anderlecht,0.0,1.0,B1,BE1,172,Royal Charleroi SC,58,RSC Anderlecht,3851298,210,4
2022-10-06,Charlotte,Columbus Crew,2.0,2.0,USA,MLS1,78435,Charlotte FC,813,Columbus Crew,3926886,230,2
2022-12-26,Charlton,Peterboro,1.0,1.0,E2,GB3,3008,Hull City,1181,Blackpool FC,3857031,50,17
2021-05-15,Chateauroux,Ajaccio,0.0,0.0,F2,FR2,1175,LB Châteauroux,1147,AC Ajaccio,3394539,130,10
2022-12-30,Chaves,Famalicao,0.0,2.0,P1,PO1,3325,GD Chaves,3329,FC Famalicão,3869146,130,5
2022-12-27,Chelsea,Bournemouth,2.0,0.0,E0,GB1,631,Chelsea FC,989,AFC Bournemouth,3838255,210,4
2022-12-26,Cheltenham,Plymouth,0.0,1.0,E2,GB3,,,,,,0,17
2022-12-31,Chengdu Rongcheng,Dalian Pro,3.0,0.0,CHN,CSL,65791,Chengdu Rongcheng,33304,Dalian Aerbin,3900029,180,5
2018-05-01,Chesterfield,Newport County,1.0,0.0,E3,GB4,,,,,,0,0
2017-04-29,Chiapas,Santos Laguna,2.0,2.0,MEX,MEX1,,,,,,0,1
2022-10-09,Chicago Fire,New England Revolution,1.0,1.0,USA,MLS1,432,Chicago Fire,626,New England Revolution,3926889,250,14
2021-05-10,Chievo,Ascoli,3.0,0.0,I2,IT2,862,Chievo Verona,408,Ascoli Calcio 1898,3442909,210,10
2022-12-11,Chindia Targoviste,FCSB,0.0,2.0,ROU,RO1,12680,AFC Chindia Targoviste,301,Steaua Bucharest,3953040,130,3
2014-10-26,Chivas USA,San Jose Earthquakes,1.0,0.0,USA,MLS1,6642,CD Chivas USA,218,San Jose Earthquakes,2506953,230,5
2021-12-31,Chongqing Liangjiang Athletic,Shanghai Shenhua,0.0,0.0,CHN,CSL,1326,Chongqing Lifan,3183,Shanghai Shenhua Liansheng,3705848,160,4
2022-12-18,Cittadella,Sudtirol,0.0,2.0,I2,IT2,4084,AS Cittadella,4554,FC Südtirol,3874088,130,7
2022-12-28,Clermont,Lille,0.0,2.0,F1,FR1,3524,Clermont Foot 63,1082,LOSC Lille,3840111,210,6
2022-10-23,Club America,Toluca,1.0,1.0,MEX,MEX1,,,,,,0,0
2022-12-26,Club Brugge,Oud-Heverlee Leuven,1.0,1.0,B1,BE1,2282,Club Brugge KV,2727,Oud-Heverlee Leuven,3851290,230,4
2022-10-03,Club Leon,Club Tijuana,2.0,2.0,MEX,MEX1,4941,Club León FC,13353,Club Tijuana,3840714,180,2
2022-09-19,Club Tijuana,Necaxa,1.0,1.0,MEX,MEX1,13353,Club Tijuana,1146,Club Necaxa,3840696,230,5
2022-12-23,Clyde,Alloa,2.0,2.0,SC2,SC3,987,Motherwell FC,2553,Kilmarnock FC,3890128,50,2
2016-10-22,Cobh Ramblers,Drogheda,0.0,2.0,IRL,IR1,,,,,,0,0
2022-12-29,Colchester,AFC Wimbledon,1.0,2.0,E3,GB4,164,Blackburn Rovers,641,Middlesbrough FC,3856921,50,8
2022-06-15,Colon Santa FE,River Plate,1.0,0.0,ARG,ARG1,,,,,,0,0
2022-10-18,Colon Santa Fe,Defensa y Justicia,1.0,2.0,ARG,ARG1,,,,,,0,0
2022-10-01,Colorado Rapids,FC Dallas,1.0,0.0,USA,MLS1,1247,Colorado Rapids,8816,FC Dallas,3926874,250,4
2022-10-02,Columbus Crew,New York Red Bulls,2.0,1.0,USA,MLS1,813,Columbus Crew,623,New York Red Bulls,3926877,250,9
2022-12-26,Como,Cittadella,2.0,0.0,I2,IT2,1047,Como 1907,4084,AS Cittadella,3874103,210,10
2022-05-21,Concordia,Chindia Targoviste,2.0,1.0,ROU,RO1,,,,,,0,0
2019-05-31,Cordoba,Osasuna,2.0,3.0,SP2,ES2,993,Córdoba CF,331,CA Osasuna,3094124,130,1
2022-11-13,Corinthians,Atletico-MG,0.0,1.0,BRA,BRA1,199,Sport Club Corinthians Paulista,330,Clube Atlético Mineiro,3767925,130,10
2022-11-09,Coritiba,Corinthians,2.0,2.0,BRA,BRA1,776,Coritiba Foot Ball Club,199,Sport Club Corinthians Paulista,3767941,210,4
2020-11-09,Cork City,Derry City,1.0,1.0,IRL,IR1,,,,,,0,0
2014-05-20,Corona Brasov,Petrolul,0.0,3.0,ROU,RO1,36593,CSM Corona Brasov,9465,Petrolul Ploiesti,2353727,210,3
2022-12-18,Cosenza,Ascoli,1.0,3.0,I2,IT2,4031,Cosenza Calcio,408,Ascoli Calcio 1898,3874089,210,7
2022-12-23,Cove Rangers,Hamilton,2.0,0.0,SC1,SC2,,,,,,0,2
2022-12-29,Coventry,Cardiff,0.0,0.0,E1,GB2,990,Coventry City,603,Cardiff City,3856923,210,8
2022-11-05,Cracovia,Jagiellonia,1.0,0.0,POL,PL1,5689,Cracovia,2300,Jagiellonia Bialystok,3829037,230,8
2022-12-26,Crawley Town,Sutton,1.0,2.0,E3,GB4,29,Everton FC,543,Wolverhampton Wanderers,3838257,50,17
2022-11-08,Cremonese,Milan,0.0,0.0,I1,IT1,2239,US Cremonese,5,AC Milan,3844866,210,3
2022-12-29,Crewe,Carlisle,0.0,3.0,E3,GB4,1039,Queens Park Rangers,1031,Luton Town,3856927,50,8
2014-11-29,Criciuma,Sport Recife,2.0,2.0,BRA,BRA1,7178,Criciúma Esporte Clube,8718,Sport Club do Recife,2454679,110,2
2022-05-06,Crotone,Parma,0.0,1.0,I2,IT2,4083,FC Crotone,130,Parma FC,3625661,210,12
2015-11-09,Crucero del Norte,Aldosivi,0.0,2.0,ARG,ARG1,,,,,,0,0
2022-10-13,Cruz Azul,Monterrey,0.0,0.0,MEX,MEX1,,,,,,0,0
2019-12-08,Cruzeiro,Palmeiras,0.0,2.0,BRA,BRA1,609,Cruzeiro Esporte Clube,1023,Sociedade Esportiva Palmeiras,3285728,210,10
2022-12-26,Crystal Palace,Fulham,0.0,3.0,E0,GB1,873,Crystal Palace,931,Fulham FC,3838256,230,17
2022-11-13,Cuiaba,Coritiba,2.0,1.0,BRA,BRA1,28022,Cuiabá Esporte Clube (MT),776,Coritiba Foot Ball Club,3767930,130,10
2022-10-09,DC United,FC Cincinnati,2.0,5.0,USA,MLS1,2440,D.C. United,51772,FC Cincinnati,3926890,180,14
2018-06-02,Daco-Getica Bucuresti,FC Voluntari,2.0,2.0,ROU,RO1,,,,,,0,0
2022-12-14,Dalian Pro,Wuhan Three Towns,1.0,2.0,CHN,CSL,33304,Dalian Aerbin,70657,Wuhan Three Towns,3900007,180,3
2019-12-01,Dalian Yifang F.C.,Beijing Renhe,2.0,0.0,CHN,CSL,33304,Dalian Aerbin,17250,Shaanxi Chanba,3156579,80,8
2018-11-05,Dalkurd,Djurgarden,1.0,2.0,SWE,SE1,23302,Dalkurd FF,1044,Djurgårdens IF,3052391,130,4
2022-11-13,Darmstadt,Greuther Furth,1.0,1.0,D2,L2,105,SV Darmstadt 98,65,SpVgg Greuther Fürth,3839323,160,5
2022-10-22,Defensa y Justicia,Atl. Tucuman,3.0,1.0,ARG,ARG1,,,,,,0,0
2022-10-29,Degerfors,Varnamo,0.0,0.0,SWE,SE1,3641,Degerfors IF,3622,IFK Värnamo,3731530,130,1
2021-05-13,Den Haag,Willem II,1.0,4.0,N1,NL1,1268,ADO Den Haag,403,Willem II Tilburg,3450696,210,9
2021-05-11,Denizlispor,Galatasaray,1.0,4.0,T1,TR1,,,,,,0,0
2022-12-30,Derby,Cambridge,1.0,0.0,E2,GB3,,,,,,0,6
2022-11-06,Derry City,Dundalk,0.0,1.0,IRL,IR1,,,,,,0,0
2022-12-26,Dijon,Laval,5.0,0.0,F2,FR2,2969,Dijon FCO,1080,Stade Lavallois,3864963,210,10
2022-05-29,Din. Bucuresti,U. Cluj,1.0,1.0,ROU,RO1,,,,,,0,0
2022-11-06,Djurgarden,Mjallby,0.0,1.0,SWE,SE1,272,AIK,1101,IF Elfsborg,3731538,50,8
2022-12-29,Doncaster,Rochdale,4.0,3.0,E3,GB4,,,,,,0,8
2016-05-08,Dorados de Sinaloa,Club Leon,0.0,1.0,MEX,MEX1,10091,Dorados de Sinaloa,4941,Club León FC,2675373,180,5
2022-11-05,Dortmund,Bochum,3.0,0.0,D1,L1,16,Borussia Dortmund,80,VfL Bochum,3839231,210,10
2022-05-15,Dresden,Erzgebirge Aue,0.0,1.0,D2,L2,129,SG Dynamo Dresden,94,FC Erzgebirge Aue,3588762,210,9
2022-11-06,Drogheda,Finn Harps,2.0,0.0,IRL,IR1,,,,,,0,0
2019-05-12,Duisburg,Heidenheim,3.0,4.0,D2,L2,52,MSV Duisburg,2036,1.FC Heidenheim 1846,3058749,210,10
2022-04-30,Dumbarton,Clyde,2.0,1.0,SC2,SC3,,,,,,0,0
2022-10-28,Dundalk,Bohemians,2.0,1.0,IRL,IR1,,,,,,0,0
2022-11-19,Dundee,Hamilton,1.0,0.0,SC1,SC2,,,,,,0,0
2022-12-28,Dundee United,Ross County,3.0,0.0,SC0,SC1,1519,Dundee United FC,2759,Ross County FC,3890107,210,6
2022-12-03,Dunfermline,Queen of Sth,1.0,1.0,SC2,SC3,,,,,,0,0
2022-05-07,Dunkerque,Guingamp,1.0,3.0,F2,FR2,9202,USL Dunkerque,855,EA Guingamp,3590299,210,11
2022-11-13,Dynamo Moscow,CSKA Moscow,2.0,1.0,RUS,RU1,121,Dinamo Moscow,2410,CSKA Moscow,3925983,180,10
2022-04-30,East Fife,Cove Rangers,2.0,3.0,SC2,SC3,,,,,,0,0
2022-12-11,Eibar,Oviedo,1.0,0.0,SP2,ES2,1533,SD Eibar,2497,Real Oviedo,3850219,210,7
2022-11-09,Ein Frankfurt,Hoffenheim,4.0,2.0,D1,L1,24,Eintracht Frankfurt,533,TSG 1899 Hoffenheim,3839253,160,9
2022-11-08,Elche,Girona,1.0,2.0,SP1,ES1,1531,Elche CF,12321,Girona FC,3886447,210,3
2022-10-31,Elfsborg,Helsingborg,3.0,0.0,SWE,SE1,1101,IF Elfsborg,699,Helsingborgs IF,3731532,210,2
2022-11-11,Empoli,Cremonese,2.0,0.0,I1,IT1,749,FC Empoli,2239,US Cremonese,3844878,210,2
2022-05-08,Erzgebirge Aue,Werder Bremen,0.0,3.0,D2,L2,94,FC Erzgebirge Aue,86,SV Werder Bremen,3588752,210,6
2021-05-08,Erzurum BB,Kasimpasa,0.0,1.0,T1,TR1,,,,,,0,0
2020-07-03,Esbjerg,Horsens,1.0,2.0,DNK,DK1,,,,,,0,1
2022-11-09,Espanol,Villarreal,0.0,1.0,SP1,ES1,714,RCD Espanyol Barcelona,1050,Villarreal CF,3886448,130,4
2022-11-06,Estoril,Benfica,1.0,5.0,P1,PO1,1465,GD Estoril Praia,294,SL Benfica,3869193,210,8
2022-10-22,Estudiantes L.P.,Godoy Cruz,2.0,0.0,ARG,ARG1,,,,,,0,0
2022-11-05,Eupen,Standard,2.0,0.0,B1,BE1,1245,KAS Eupen,3057,Standard Liège,3851198,210,6
2022-12-26,Everton,Wolves,1.0,2.0,E0,GB1,29,Everton FC,543,Wolverhampton Wanderers,3838257,130,17
2022-11-05,Excelsior,Heerenveen,0.0,1.0,N1,NL1,798,SBV Excelsior,306,SC Heerenveen,3852611,210,3
2022-12-26,Exeter,Portsmouth,0.0,0.0,E2,GB3,603,Cardiff City,1039,Queens Park Rangers,3857030,50,17
2020-07-17,Extremadura UD,Sp Gijon,2.0,0.0,SP2,ES2,29095,Extremadura UD,2448,Sporting Gijón,3209322,150,11
2022-12-18,FC Arges,Mioveni,2.0,2.0,ROU,RO1,,,,,,0,2
2022-12-11,FC Botosani,CFR Cluj,1.0,1.0,ROU,RO1,8818,FC Botosani,7769,CFR Cluj,3953041,250,3
2015-05-27,FC Brasov,Gaz Metan Medias,0.0,0.0,ROU,RO1,4687,FC Brasov,8104,Gaz Metan Medias (- 2022),2546243,230,4
2022-10-02,FC Cincinnati,Chicago Fire,2.0,3.0,USA,MLS1,51772,FC Cincinnati,432,Chicago Fire,3926876,250,9
2022-11-06,FC Copenhagen,Lyngby,3.0,0.0,DNK,DK1,190,FC Copenhagen,369,Lyngby Boldklub,3828503,230,4
2022-10-18,FC Dallas,Minnesota United,1.0,1.0,USA,MLS1,,,,,,0,0
2022-12-24,FC Edinburgh,Peterhead,4.0,0.0,SC2,SC3,903,Hibernian FC,1241,Livingston FC,3890127,50,4
2022-11-12,FC Emmen,Ajax,3.0,3.0,N1,NL1,1283,FC Emmen,610,Ajax Amsterdam,3852619,230,4
2022-12-10,FC Hermannstadt,Farul Constanta,4.0,0.0,ROU,RO1,58049,FC Hermannstadt,29831,FC Viitorul Constanta,3953043,180,1
2022-11-09,FC Koln,Leverkusen,1.0,2.0,D1,L1,3,1.FC Köln,15,Bayer 04 Leverkusen,3839252,130,9
2022-12-14,FC Rapid Bucuresti,Petrolul,3.0,1.0,ROU,RO1,455,Rapid Bucharest,9465,Petrolul Ploiesti,3953037,160,1
2022-11-05,FC Tokyo,Kawasaki Frontale,2.0,3.0,JPN,JAP1,6631,FC Tokyo,9598,Kawasaki Frontale,3746291,250,9
2022-12-16,FC Voluntari,Farul Constanta,1.0,1.0,ROU,RO1,40843,FC Voluntari,29831,FC Viitorul Constanta,3953052,180,1
2022-12-19,FCSB,FC Botosani,1.0,0.0,ROU,RO1,301,Steaua Bucharest,8818,FC Botosani,3953048,150,1
2019-05-26,FK Anzi Makhackala,Ural,0.0,2.0,RUS,RU1,2700,Anzhi Makhachkala,11127,Ural Yekaterinburg,3183735,130,8
2022-11-06,FK Rostov,Dynamo Moscow,2.0,1.0,RUS,RU1,1083,FC Rostov,121,Dinamo Moscow,3925975,110,12
2022-11-05,Fakel Voronezh,Krasnodar,3.0,3.0,RUS,RU1,1124,Fakel Voronezh,16704,FC Krasnodar,3925970,230,4
2020-12-06,Falkenbergs,Mjallby,2.0,3.0,SWE,SE1,5196,Falkenbergs FF,2719,Mjällby AIF,3472395,130,7
2022-12-23,Falkirk,Queen of Sth,5.0,2.0,SC2,SC3,,,,,,0,2
2022-11-13,Famalicao,Sp Lisbon,1.0,2.0,P1,PO1,7378,Portimonense SAD,1075,SC Braga,3869136,50,9
2021-05-15,Farense,Tondela,1.0,0.0,P1,PO1,4294,SC Farense,7179,CD Tondela,3432186,210,7
2022-12-04,Farul Constanta,FC Botosani,8.0,0.0,ROU,RO1,29831,FC Viitorul Constanta,8818,FC Botosani,3953034,180,3
2019-05-18,Feirense,Aves,2.0,1.0,P1,PO1,3349,CD Feirense,3336,Desportivo Aves (- 2020),3069704,210,7
2022-12-27,Fenerbahce,Hatayspor,4.0,0.0,T1,TR1,,,,,,0,0
2022-11-13,Feyenoord,Excelsior,5.0,1.0,N1,NL1,234,Feyenoord Rotterdam,798,SBV Excelsior,3852622,210,6
2016-11-27,Figueirense,Fluminense,1.0,0.0,BRA,BRA1,4064,Figueirense Futebol Clube,2462,Fluminense Football Club,2798388,210,7
2022-10-28,Finn Harps,UC Dublin,1.0,3.0,IRL,IR1,,,,,,0,0
2022-11-09,Fiorentina,Salernitana,2.0,1.0,I1,IT1,430,ACF Fiorentina,380,US Salernitana 1919,3844867,210,5
2022-11-12,Flamengo RJ,Avai,1.0,2.0,BRA,BRA1,,,,,,0,0
2022-12-26,Fleetwood Town,Sheffield Weds,1.0,2.0,E2,GB3,29,Everton FC,543,Wolverhampton Wanderers,3838257,50,17
2022-11-09,Fluminense,Goias,3.0,0.0,BRA,BRA1,2462,Fluminense Football Club,3197,Goiás EC,3767933,130,4
2019-05-06,Foggia,Perugia,1.0,0.0,I2,IT2,704,Foggia Calcio,839,AC Perugia Calcio,3092623,210,2
2022-11-05,For Sittard,FC Emmen,0.0,1.0,N1,NL1,385,Fortuna Sittard,1283,FC Emmen,3852615,180,3
2022-12-29,Forest Green,Burton,1.0,2.0,E2,GB3,164,Blackburn Rovers,641,Middlesbrough FC,3856921,50,8
2021-05-04,Forfar,East Fife,2.0,3.0,SC2,SC3,,,,,,0,0
2022-11-09,Fortaleza,Bragantino,6.0,0.0,BRA,BRA1,,,,,,0,4
2022-11-11,Fortuna Dusseldorf,Kaiserslautern,1.0,2.0,D2,L2,38,Fortuna Düsseldorf,2,1.FC Kaiserslautern,3839327,160,3
2012-11-18,Fredrikstad,Molde,0.0,2.0,NOR,NO1,3837,Fredrikstad FK,687,Molde FK,1180439,210,8
2022-11-13,Freiburg,Union Berlin,4.0,1.0,D1,L1,60,SC Freiburg,89,1.FC Union Berlin,3839259,210,5
2022-12-26,Frosinone,Ternana,3.0,0.0,I2,IT2,8970,Frosinone Calcio,1103,Ternana Calcio,3874104,210,10
2022-05-21,Fuenlabrada,Sp Gijon,0.0,0.0,SP2,ES2,16486,CF Fuenlabrada,2448,Sporting Gijón,3614354,130,11
2022-12-31,Fulham,Southampton,2.0,1.0,E0,GB1,931,Fulham FC,180,Southampton FC,3838264,210,6
2012-11-01,GAIS,Gefle,2.0,3.0,SWE,SE1,7009,GAIS,4414,Gefle IF,1186585,230,4
2015-06-02,GKS Belchatow,Korona Kielce,2.0,2.0,POL,PL1,716,GKS Belchatow,6110,Korona Kielce,2561298,250,4
2022-12-25,Galatasaray,Istanbulspor,2.0,1.0,T1,TR1,,,,,,0,0
2021-11-07,Galway,Bray,0.0,1.0,IRL,IR1,,,,,,0,0
2022-10-29,Gamba Osaka,Iwata,2.0,0.0,JPN,JAP1,596,Gamba Osaka,937,Júbilo Iwata,3746320,230,9
2022-05-06,Gaz Metan Medias,Academica Clinceni,4.0,3.0,ROU,RO1,,,,,,0,0
2022-12-25,Gaziantep,Besiktas,1.0,1.0,T1,TR1,,,,,,0,0
2016-10-30,Gefle,Malmo FF,1.0,0.0,SWE,SE1,4414,Gefle IF,496,Malmö FF,2765076,130,4
2021-05-11,Genclerbirligi,Goztep,5.0,3.0,T1,TR1,,,,,,0,0
2022-11-04,Genk,Charleroi,4.0,1.0,B1,BE1,1184,KRC Genk,172,Royal Charleroi SC,3851191,210,3
2022-12-18,Genoa,Frosinone,1.0,0.0,I2,IT2,252,Genoa CFC,8970,Frosinone Calcio,3874090,210,7
2022-12-23,Gent,Standard,0.0,0.0,B1,BE1,157,KAA Gent,3057,Standard Liège,3851291,210,3
2022-12-30,Getafe,Mallorca,2.0,0.0,SP1,ES1,3709,Getafe CF,237,RCD Mallorca,3886466,210,5
2022-12-21,Giannina,Olympiakos,2.0,2.0,G1,GR1,2671,PAS Giannina,683,Olympiacos Piraeus,3889084,130,5
2022-12-29,Gil Vicente,Santa Clara,1.0,0.0,P1,PO1,2424,Gil Vicente FC,2423,CD Santa Clara,3869151,210,4
2022-12-26,Gillingham,Colchester,0.0,1.0,E3,GB4,,,,,,0,17
2022-10-20,Gimnasia L.P.,Boca Juniors,1.0,2.0,ARG,ARG1,,,,,,0,0
2019-06-09,Gimnastic,Lugo,1.0,1.0,SP2,ES2,5648,Gimnàstic de Tarragona,11000,CD Lugo,3094142,130,3
2022-12-29,Giresunspor,Gaziantep,2.0,1.0,T1,TR1,,,,,,0,0
2022-12-29,Girona,Vallecano,2.0,2.0,SP1,ES1,12321,Girona FC,367,Rayo Vallecano,3886467,210,2
2022-11-13,Go Ahead Eagles,Vitesse,2.0,2.0,N1,NL1,1435,Go Ahead Eagles,499,Vitesse Arnhem,3852623,230,6
2022-10-16,Godoy Cruz,Patronato,0.0,1.0,ARG,ARG1,,,,,,0,0
2022-11-13,Goias,Sao Paulo,0.0,4.0,BRA,BRA1,3197,Goiás EC,585,São Paulo Futebol Clube,3767929,80,10
2022-11-12,Gornik Z.,Legnica,0.0,3.0,POL,PL1,428,Górnik Zabrze,8936,Miedz Legnica,3829046,130,7
2022-10-30,Goteborg,Hacken,0.0,4.0,SWE,SE1,801,IFK Göteborg,1109,BK Häcken,3731533,50,5
2022-05-15,Goztep,Besiktas,0.0,2.0,T1,TR1,,,,,,0,0
2019-05-15,Graafschap,Ajax,1.0,4.0,N1,NL1,642,De Graafschap Doetinchem,610,Ajax Amsterdam,3141202,210,9
2022-12-11,Granada,Burgos,1.0,0.0,SP2,ES2,16795,Granada CF,1536,Burgos CF,3850221,210,7
2022-11-12,Grasshoppers,Basel,1.0,0.0,SWZ,C1,504,Grasshopper Club Zurich,26,FC Basel 1893,3840998,130,2
2021-12-10,Gremio,Atletico-MG,4.0,3.0,BRA,BRA1,210,Grêmio Foot-Ball Porto Alegrense,330,Clube Atlético Mineiro,3584093,50,10
2022-12-30,Grenoble,Metz,0.0,1.0,F2,FR2,1290,Grenoble Foot 38,347,FC Metz,3864971,210,10
2022-11-09,Greuther Furth,Hamburg,1.0,0.0,D2,L2,65,SpVgg Greuther Fürth,41,Hamburger SV,3839303,160,9
2022-12-29,Grimsby,Salford,1.0,4.0,E3,GB4,1071,Wigan Athletic,289,Sunderland AFC,3856931,50,8
2016-05-11,Grodig,Salzburg,1.0,2.0,AUT,A1,10131,SV Grödig,409,Red Bull Salzburg,2588271,130,5
2022-11-13,Groningen,For Sittard,2.0,3.0,N1,NL1,202,FC Groningen,385,Fortuna Sittard,3852620,160,6
2022-09-14,Guadalajara Chivas,Tigres UANL,1.0,4.0,MEX,MEX1,6711,Deportivo Guadalajara,7055,Tigres UANL,3840642,180,1
2022-12-31,Guangzhou City,Cangzhou,1.0,4.0,CHN,CSL,18916,Guangzhou R&F,35272,Shijiazhuang Ever Bright,3900031,80,5
2020-11-12,Guangzhou Evergrande,Jiangsu Suning,1.0,2.0,CHN,CSL,,,,,,0,0
2022-12-27,Guangzhou FC,Changchun Yatai,1.0,4.0,CHN,CSL,10948,Guangzhou Evergrande,4768,Changchun Yatai,3900026,180,4
2020-11-06,Guangzhou R&F,Dalian Pro,0.0,3.0,CHN,CSL,,,,,,0,0
2022-11-13,Guimaraes,Maritimo,1.0,0.0,P1,PO1,2420,Vitória Guimarães SC,1301,CS Marítimo,3869135,50,9
2022-12-30,Guingamp,Quevilly Rouen,0.0,2.0,F2,FR2,855,EA Guingamp,7124,Quevilly Rouen Métropole,3864972,210,10
2018-11-11,Guizhou Zhicheng,Chongqing Liangjiang Athletic,1.0,0.0,CHN,CSL,36628,Guizhou Hengfeng Zhicheng,1326,Chongqing Lifan,3003947,140,8
2022-10-08,HIFK,Mariehamn,2.0,3.0,FIN,FI1,,,,,,0,0
2022-10-16,HJK,KuPS,0.0,1.0,FIN,FI1,,,,,,0,0
2022-11-06,Hacken,Norrkoping,3.0,3.0,SWE,SE1,1109,BK Häcken,2844,IFK Norrköping,3731539,50,8
2022-10-30,Haka,VPS,1.0,2.0,FIN,FI1,,,,,,0,0
2021-12-14,Halmstad,Helsingborg,1.0,3.0,SWE,SE1,,,,,,0,0
2022-11-06,Ham-Kam,Tromso,1.0,2.0,NOR,NO1,4309,Hamarkameratene,1293,Tromsø IL,3750631,50,8
2022-11-12,Hamburg,Sandhausen,4.0,2.0,D2,L2,41,Hamburger SV,254,SV Sandhausen,3839322,210,10
2022-11-11,Hamilton,Ayr,2.0,3.0,SC1,SC2,,,,,,0,0
2022-10-30,Hammarby,Kalmar,4.0,2.0,SWE,SE1,1059,Hammarby IF,3654,Kalmar FF,3731531,210,5
2016-10-30,Hangzhou Greentown,Yanbian,2.0,2.0,CHN,CSL,17276,Hangzhou Greentown,8539,Yanbian Funde,2693846,230,8
2022-11-08,Hannover,Fortuna Dusseldorf,2.0,0.0,D2,L2,42,Hannover 96,38,Fortuna Düsseldorf,3839306,160,8
2022-11-09,Hansa Rostock,Nurnberg,1.0,1.0,D2,L2,30,FC Hansa Rostock,4,1.FC Nuremberg,3839307,130,9
2022-12-26,Harrogate,Grimsby,3.0,2.0,E3,GB4,,,,,,0,17
2022-11-12,Hartberg,SK Rapid,1.0,2.0,AUT,A1,4467,TSV Hartberg,170,Rapid Vienna,3856369,160,5
2022-12-29,Hartlepool,Mansfield,1.0,2.0,E3,GB4,164,Blackburn Rovers,641,Middlesbrough FC,3856921,50,8
2022-12-24,Hatayspor,Giresunspor,1.0,1.0,T1,TR1,,,,,,0,0
2022-11-06,Haugesund,Valerenga,1.0,1.0,NOR,NO1,2761,FK Haugesund,76,Vålerenga Fotball Elite,3750632,130,8
2022-12-17,Hearts,Kilmarnock,3.0,1.0,SC0,SC1,43,Heart of Midlothian FC,2553,Kilmarnock FC,3890174,130,3
2022-12-30,Hebei,Henan Songshan Longmen,0.0,4.0,CHN,CSL,,,,,,0,1
2022-11-13,Heerenveen,Cambuur,2.0,1.0,N1,NL1,306,SC Heerenveen,133,SC Cambuur Leeuwarden,3852626,210,6
2022-11-12,Heidenheim,Regensburg,5.0,4.0,D2,L2,2036,1.FC Heidenheim 1846,109,SSV Jahn Regensburg,3839324,210,10
2022-11-06,Helsingborg,Hammarby,0.0,2.0,SWE,SE1,699,Helsingborgs IF,1059,Hammarby IF,3731541,210,8
2018-05-17,Helsingor,Silkeborg,1.0,1.0,DNK,DK1,,,,,,0,0
2022-12-27,Henan Songshan Longmen,Shanghai Shenhua,1.0,1.0,CHN,CSL,9982,Henan Jianye,3183,Shanghai Shenhua Liansheng,3900025,160,4
2022-05-15,Heracles,Sparta Rotterdam,1.0,3.0,N1,NL1,1304,Heracles Almelo,468,Sparta Rotterdam,3598033,230,9
2022-11-12,Hertha,FC Koln,2.0,0.0,D1,L1,44,Hertha BSC,3,1.FC Köln,3839264,130,10
2022-12-28,Hibernian,Celtic,0.0,4.0,SC0,SC1,903,Hibernian FC,371,Celtic FC,3890108,210,6
2020-07-13,Hobro,Lyngby,1.0,2.0,DNK,DK1,,,,,,0,0
2022-11-12,Hoffenheim,Wolfsburg,1.0,2.0,D1,L1,533,TSG 1899 Hoffenheim,82,VfL Wolfsburg,3839261,210,10
2022-11-05,Hokkaido Consadole Sapporo,Shimizu S-Pulse,4.0,3.0,JPN,JAP1,16032,Hokkaido Consadole Sapporo,1062,Shimizu S-Pulse,3746287,250,9
2022-11-11,Holstein Kiel,Hannover,1.0,1.0,D2,L2,269,Holstein Kiel,42,Hannover 96,3839326,230,3
2013-11-03,Honefoss,Sogndal,3.0,1.0,NOR,NO1,632,Hønefoss BK,2038,Sogndal IL,2298076,130,8
2022-10-16,Honka,Haka,1.0,1.0,FIN,FI1,,,,,,0,0
2022-11-13,Horsens,Odense,3.0,3.0,DNK,DK1,2414,AC Horsens,173,Odense Boldklub,3828510,210,5
2022-10-09,Houston Dynamo,Los Angeles Galaxy,1.0,3.0,USA,MLS1,9168,Houston Dynamo,1061,Los Angeles Galaxy,3926897,250,14
2022-12-29,Huddersfield,Rotherham,2.0,0.0,E1,GB2,1110,Huddersfield Town,1194,Rotherham United,3856924,210,8
2022-12-07,Huesca,Andorra,1.0,0.0,SP2,ES2,5358,SD Huesca,10718,FC Andorra,3850214,210,3
2022-12-26,Hull,Blackpool,1.0,1.0,E1,GB2,3008,Hull City,1181,Blackpool FC,3857031,210,17
2022-10-19,Huracan,Platense,2.0,0.0,ARG,ARG1,,,,,,0,0
2022-12-11,Ibiza,Malaga,1.0,1.0,SP2,ES2,13241,UD Ibiza,1084,Málaga CF,3850220,130,7
2022-10-09,Ilves,Lahti,1.0,0.0,FIN,FI1,,,,,,0,0
2022-10-16,Independiente,Banfield,1.0,0.0,ARG,ARG1,,,,,,0,0
2022-05-07,Ingolstadt,Hansa Rostock,0.0,0.0,D2,L2,4795,FC Ingolstadt 04,30,FC Hansa Rostock,3588754,210,9
2022-11-09,Inter,Bologna,6.0,1.0,I1,IT1,46,Inter Milan,1025,Bologna FC 1909,3844869,210,5
2022-10-09,Inter Miami,CF Montreal,1.0,3.0,USA,MLS1,69261,Inter Miami CF,4078,Montreal Impact,3926891,160,14
2022-10-19,Inter Turku,VPS,1.0,5.0,FIN,FI1,,,,,,0,0
2022-11-13,Internacional,Palmeiras,3.0,0.0,BRA,BRA1,6600,Sport Club Internacional,1023,Sociedade Esportiva Palmeiras,3767927,210,10
2022-12-03,Inverness C,Dundee,0.0,1.0,SC1,SC2,,,,,,0,0
2022-12-21,Ionikos,Panathinaikos,1.0,1.0,G1,GR1,553,Ionikos Nikeas,265,Panathinaikos FC,3889080,210,5
2022-12-26,Ipswich,Oxford,3.0,0.0,E2,GB3,,,,,,0,17
2022-12-28,Istanbulspor,Kasimpasa,2.0,1.0,T1,TR1,,,,,,0,0
2022-11-05,Iwata,Kyoto,0.0,0.0,JPN,JAP1,937,Júbilo Iwata,593,Kyoto Sanga,3746292,210,9
2017-10-28,JJK Jyvaskyla,VPS,2.0,0.0,FIN,FI1,,,,,,0,0
2022-11-12,Jagiellonia,Lech Poznan,1.0,2.0,POL,PL1,2300,Jagiellonia Bialystok,238,Lech Poznan,3829047,230,7
2015-10-18,Jaro,Lahti,1.0,1.0,FIN,FI1,,,,,,0,0
2022-11-06,Jerv,Rosenborg,2.0,4.0,NOR,NO1,36224,FK Jerv,195,Rosenborg BK,3750633,210,8
2020-11-08,Jiangsu Suning,Guangzhou Evergrande,0.0,0.0,CHN,CSL,,,,,,0,0
2015-12-06,Joinville,Gremio,0.0,2.0,BRA,BRA1,3330,Joinville Esporte Clube (SC),210,Grêmio Foot-Ball Porto Alegrense,2626706,130,10
2020-12-09,Jonkopings,Kalmar,1.0,3.0,SWE,SE1,,,,,,0,0
2022-10-01,Juarez,UNAM Pumas,3.0,1.0,MEX,MEX1,49283,FC Juárez,7633,UNAM Pumas,3840707,150,2
2020-07-27,Juve Stabia,Cremonese,1.0,2.0,I2,IT2,5587,SS Juve Stabia,2239,US Cremonese,3237089,210,10
2022-11-10,Juventude,Flamengo RJ,2.0,2.0,BRA,BRA1,10492,Esporte Clube Juventude,614,CR Flamengo,3767937,160,4
2022-11-13,Juventus,Lazio,3.0,0.0,I1,IT1,506,Juventus FC,398,SS Lazio,3844880,210,7
2019-10-27,KPV Kokkola,TPS,0.0,3.0,FIN,FI1,,,,,,0,0
2021-10-27,KTP,Haka,2.0,4.0,FIN,FI1,,,,,,0,0
2022-11-08,Kaiserslautern,Karlsruhe,2.0,0.0,D2,L2,2,1.FC Kaiserslautern,48,Karlsruher SC,3839311,210,8
2022-11-06,Kalmar,Sundsvall,4.0,0.0,SWE,SE1,3654,Kalmar FF,2843,GIF Sundsvall,3731544,210,8
2022-12-28,Karagumruk,Trabzonspor,4.0,1.0,T1,TR1,,,,,,0,0
2022-11-12,Karlsruhe,St Pauli,4.0,4.0,D2,L2,48,Karlsruher SC,35,FC St. Pauli,3839328,160,10
2022-11-05,Kashima Antlers,Gamba Osaka,0.0,0.0,JPN,JAP1,2241,Kashima Antlers,596,Gamba Osaka,3746288,250,9
2022-11-05,Kashiwa Reysol,Shonan Bellmare,1.0,2.0,JPN,JAP1,6632,Kashiwa Reysol,8457,Shonan Bellmare,3746290,250,9
2022-12-24,Kasimpasa,Sivasspor,1.0,2.0,T1,TR1,,,,,,0,0
2022-10-29,Kawasaki Frontale,Vissel Kobe,2.0,1.0,JPN,JAP1,9598,Kawasaki Frontale,3958,Vissel Kobe,3746314,250,9
2022-11-13,Kayserispor,Konyaspor,1.0,2.0,T1,TR1,,,,,,0,0
2022-12-24,Kelty Hearts,Dunfermline,1.0,2.0,SC2,SC3,,,,,,0,4
2022-11-13,Khimki,Sochi,0.0,2.0,RUS,RU1,3719,FC Khimki,41231,FC Sochi,3925982,210,10
2022-12-28,Kilmarnock,Aberdeen,2.0,1.0,SC0,SC1,2553,Kilmarnock FC,370,Aberdeen FC,3890109,210,6
2017-12-02,Kofu,Vegalta Sendai,1.0,0.0,JPN,JAP1,10999,Ventforet Kofu,6395,Vegalta Sendai,2895178,230,9
2022-11-19,Kongsvinger,Sandefjord,2.0,1.0,NOR,NO1,,,,,,0,0
2022-12-25,Konyaspor,Alanyaspor,2.0,2.0,T1,TR1,,,,,,0,0
2022-11-12,Korona Kielce,Widzew Lodz,0.0,1.0,POL,PL1,6110,Korona Kielce,88,Widzew Lodz,3829048,250,7
2022-12-26,Kortrijk,Genk,1.0,0.0,B1,BE1,601,KV Kortrijk,1184,KRC Genk,3851292,210,4
2022-10-30,Krasnodar,Zenit,0.0,1.0,RUS,RU1,16704,FC Krasnodar,964,Zenit St. Petersburg,3925967,210,6
2022-11-13,Kristiansund,Jerv,1.0,1.0,NOR,NO1,21101,Kristiansund BK,36224,FK Jerv,3750645,210,8
2022-11-12,Krylya Sovetov,FK Rostov,1.0,3.0,RUS,RU1,2696,Krylya Sovetov Samara,1083,FC Rostov,3925978,160,6
2022-10-09,KuPS,Inter Turku,2.0,0.0,FIN,FI1,,,,,,0,0
2016-05-24,Kuban,Tomsk,1.0,0.0,RUS,RU1,,,,,,0,0
2022-11-06,Kumamoto,Montedio Yamagata,2.0,2.0,JPN,JAP1,,,,,,0,0
2022-11-13,Kyoto,Kumamoto,1.0,1.0,JPN,JAP1,,,,,,0,0
2022-11-13,LASK,Sturm Graz,1.0,1.0,AUT,A1,413,LASK,122,SK Sturm Graz,3856365,230,4
2020-07-14,LKS Lodz,Rakow,3.0,2.0,POL,PL1,256,LKS Lodz,9644,Raków Częstochowa,3386355,150,7
2020-08-07,La Coruna,Fuenlabrada,2.0,1.0,SP2,ES2,897,Deportivo de La Coruña,16486,CF Fuenlabrada,3209335,130,1
2022-10-23,Lahti,TPS,2.0,1.0,FIN,FI1,,,,,,0,0
2022-12-29,Lamia,Giannina,1.0,1.0,G1,GR1,3999,PAS Lamia 1964,2671,PAS Giannina,3889091,210,2
2022-10-18,Lanus,Racing Club,0.0,1.0,ARG,ARG1,,,,,,0,0
2021-05-16,Larisa,Giannina,2.0,0.0,G1,GR1,,,,,,0,0
2022-12-11,Las Palmas,Albacete,1.0,2.0,SP2,ES2,472,UD Las Palmas,1532,Albacete Balompié,3850227,210,7
2022-05-19,Lausanne,Sion,1.0,2.0,SWZ,C1,527,FC Lausanne-Sport,321,FC Sion,3587911,210,5
2022-12-30,Laval,Amiens,0.0,3.0,F2,FR2,1080,Stade Lavallois,1416,Amiens SC,3864973,210,10
2022-11-10,Lazio,Monza,1.0,0.0,I1,IT1,398,SS Lazio,2919,AC Monza,3844870,210,2
2022-12-26,Le Havre,Bordeaux,1.0,0.0,F2,FR2,738,Le Havre AC,40,FC Girondins Bordeaux,3888722,210,10
2020-02-28,Le Mans,Guingamp,2.0,1.0,F2,FR2,1164,Le Mans FC,855,EA Guingamp,3240007,210,9
2022-11-09,Lecce,Atalanta,2.0,1.0,I1,IT1,1005,US Lecce,800,Atalanta BC,3844871,210,5
2022-11-06,Lech Poznan,Korona Kielce,3.0,2.0,POL,PL1,238,Lech Poznan,6110,Korona Kielce,3829038,250,6
2022-11-18,Lechia Gdansk,Gornik Z.,2.0,1.0,POL,PL1,4000,Lechia Gdansk,428,Górnik Zabrze,3828158,150,1
2022-05-21,Leczna,Jagiellonia,0.0,1.0,POL,PL1,3291,Gornik Leczna,2300,Jagiellonia Bialystok,3720560,210,9
2022-12-28,Leeds,Man City,1.0,3.0,E0,GB1,399,Leeds United,281,Manchester City,3838258,160,1
2022-12-19,Leganes,Zaragoza,2.0,1.0,SP2,ES2,1244,CD Leganés,142,Real Zaragoza,3850230,130,1
2022-11-04,Legia,Lechia Gdansk,2.0,1.0,POL,PL1,255,Legia Warszawa,4000,Lechia Gdansk,3829039,230,4
2022-11-06,Legnica,Slask Wroclaw,1.0,0.0,POL,PL1,8936,Miedz Legnica,759,Slask Wroclaw,3829040,230,6
2022-12-26,Leicester,Newcastle,0.0,3.0,E0,GB1,1003,Leicester City,762,Newcastle United,3838259,210,17
2022-11-12,Lens,Clermont,2.0,1.0,F1,FR1,826,RC Lens,3524,Clermont Foot 63,3840105,210,12
2015-05-03,Leones Negros,Veracruz,1.0,2.0,MEX,MEX1,,,,,,0,6
2022-12-28,Levadeiakos,Ionikos,1.0,0.0,G1,GR1,2672,APO Levadiakos,553,Ionikos Nikeas,3889088,130,5
2022-12-18,Levante,Eibar,0.0,0.0,SP2,ES2,3368,Levante UD,1533,SD Eibar,3850236,210,4
2022-11-12,Leverkusen,Stuttgart,2.0,0.0,D1,L1,15,Bayer 04 Leverkusen,79,VfB Stuttgart,3839258,210,10
2022-12-27,Leyton Orient,Stevenage,0.0,0.0,E3,GB4,,,,,,0,4
2017-11-04,Liaoning,Shanghai Shenhua,1.0,4.0,CHN,CSL,1079,Liaoning FC,3183,Shanghai Shenhua Liansheng,2835358,210,8
2022-11-13,Lille,Angers,1.0,0.0,F1,FR1,1082,LOSC Lille,1420,Angers SCO,3840101,210,7
2022-11-13,Lillestrom,Ham-Kam,3.0,1.0,NOR,NO1,353,Lillestrøm SK,4309,Hamarkameratene,3750646,50,8
2018-11-02,Limerick,Finn Harps,0.0,2.0,IRL,IR1,,,,,,0,0
2022-12-30,Lincoln,Bolton,1.0,1.0,E2,GB3,1123,Norwich City,1032,Reading FC,3856926,50,6
2022-12-30,Liverpool,Leicester,2.0,1.0,E0,GB1,31,Liverpool FC,1003,Leicester City,3838265,210,6
2022-12-28,Livingston,St Mirren,1.0,1.0,SC0,SC1,1241,Livingston FC,465,St. Mirren FC,3890110,160,6
2020-07-31,Livorno,Empoli,0.0,2.0,I2,IT2,1210,AS Livorno,749,FC Empoli,3237099,210,10
2014-11-06,Ljungskile,Gefle,1.0,3.0,SWE,SE1,,,,,,0,0
2019-04-28,Lobos BUAP,Cruz Azul,1.0,4.0,MEX,MEX1,13357,Lobos BUAP (- 2019),3711,CD Cruz Azul,3164702,210,6
2021-05-30,Logrones,Las Palmas,0.0,1.0,SP2,ES2,24420,UD Logroñés,472,UD Las Palmas,3457390,130,10
2019-03-17,Lokeren,Cercle Brugge,3.0,1.0,B1,BE1,498,KSC Lokeren (-2020),520,Cercle Brugge,3140036,230,8
2022-11-12,Lokomotiv Moscow,Spartak Moscow,1.0,2.0,RUS,RU1,932,Lokomotiv Moskau,232,Spartak Moscow,3925980,180,6
2021-11-13,Longford,Waterford,1.0,1.0,IRL,IR1,,,,,,0,0
2022-12-29,Lorient,Montpellier,0.0,2.0,F1,FR1,1158,FC Lorient,969,Montpellier HSC,3840112,210,4
2022-11-05,Los Angeles FC,Philadelphia Union,3.0,3.0,USA,MLS1,,,,,,0,0
2022-10-15,Los Angeles Galaxy,Nashville SC,1.0,0.0,USA,MLS1,,,,,,0,0
2022-11-13,Lugano,Winterthur,3.0,1.0,SWZ,C1,2790,FC Lugano,242,FC Winterthur,3841000,210,3
2022-12-17,Lugo,Granada,1.0,0.0,SP2,ES2,11000,CD Lugo,16795,Granada CF,3850237,210,5
2022-12-26,Luton,Norwich,2.0,1.0,E1,GB2,1031,Luton Town,1123,Norwich City,3857032,210,17
2022-11-09,Luzern,Basel,0.0,2.0,SWZ,C1,434,FC Luzern,26,FC Basel 1893,3840909,210,1
2022-10-30,Lyngby,Aarhus,0.0,1.0,DNK,DK1,369,Lyngby Boldklub,678,Aarhus GF,3828498,210,3
2022-11-11,Lyon,Nice,1.0,1.0,F1,FR1,1041,Olympique Lyon,417,OGC Nice,3840103,210,1
2022-11-11,M'gladbach,Dortmund,4.0,2.0,D1,L1,18,Borussia Mönchengladbach,16,Borussia Dortmund,3839262,130,3
2016-05-11,M. Saransk,Zenit,0.0,3.0,RUS,RU1,11126,Mordovia Saransk (-2020),964,Zenit St. Petersburg,2683492,160,5
2020-02-29,Macclesfield,Salford,0.0,2.0,E3,GB4,,,,,,0,16
2022-11-10,Magdeburg,Darmstadt,0.0,1.0,D2,L2,187,1.FC Magdeburg,105,SV Darmstadt 98,3839310,210,1
2022-11-13,Mainz,Ein Frankfurt,1.0,1.0,D1,L1,39,1.FSV Mainz 05,24,Eintracht Frankfurt,3839260,160,5
2022-12-18,Malaga,Alaves,1.0,0.0,SP2,ES2,1084,Málaga CF,1108,Deportivo Alavés,3850234,50,4
2022-11-09,Mallorca,Ath Madrid,1.0,0.0,SP1,ES1,237,RCD Mallorca,13,Atlético de Madrid,3886450,160,4
2022-11-06,Malmo FF,Degerfors,2.0,2.0,SWE,SE1,496,Malmö FF,3641,Degerfors IF,3731545,130,8
2022-12-31,Man City,Everton,1.0,1.0,E0,GB1,281,Manchester City,29,Everton FC,3838266,160,6
2022-12-27,Man United,Nott'm Forest,3.0,0.0,E0,GB1,985,Manchester United,703,Nottingham Forest,3838260,110,4
2022-12-26,Mansfield,Northampton,1.0,1.0,E3,GB4,3008,Hull City,1181,Blackpool FC,3857031,50,17
2022-10-16,Mariehamn,VPS,2.0,2.0,FIN,FI1,,,,,,0,0
2022-11-06,Maritimo,Famalicao,0.0,0.0,P1,PO1,1301,CS Marítimo,3329,FC Famalicão,3869189,50,8
2022-12-29,Marseille,Toulouse,6.0,1.0,F1,FR1,244,Olympique Marseille,415,FC Toulouse,3840114,210,4
2020-06-30,Mattersburg,Tirol,4.0,1.0,AUT,A1,856,SV Mattersburg,2446,WSG Tirol,3331915,210,3
2022-09-17,Mazatlan FC,Toluca,1.0,1.0,MEX,MEX1,82696,Mazatlán FC,1804,Deportivo Toluca,3840689,130,2
2022-12-23,Mechelen,Cercle Brugge,1.0,1.0,B1,BE1,354,KV Mechelen,520,Cercle Brugge,3851295,230,3
2022-12-31,Meizhou Hakka,Guangzhou FC,1.0,0.0,CHN,CSL,38929,Meizhou Hakka,10948,Guangzhou Evergrande,3900028,180,5
2013-10-18,Mervue,Longford,1.0,0.0,IRL,IR1,,,,,,0,0
2022-12-26,Metz,Niort,0.0,0.0,F2,FR2,347,FC Metz,1161,Chamois Niortais FC,3864960,210,10
2022-12-26,Middlesbrough,Wigan,4.0,1.0,E1,GB2,641,Middlesbrough FC,1071,Wigan Athletic,3857033,210,17
2022-11-07,Midtjylland,Nordsjaelland,0.0,0.0,DNK,DK1,865,FC Midtjylland,2778,FC Nordsjaelland,3828502,210,1
2022-11-13,Milan,Fiorentina,2.0,1.0,I1,IT1,5,AC Milan,430,ACF Fiorentina,3844881,210,7
2022-12-29,Millwall,Bristol City,0.0,0.0,E1,GB2,1028,Millwall FC,698,Bristol City,3856925,230,8
2022-12-26,Milton Keynes Dons,Forest Green,1.0,0.0,E2,GB3,,,,,,0,17
2022-10-09,Minnesota United,Vancouver Whitecaps,2.0,0.0,USA,MLS1,56089,Minnesota United FC,6321,Vancouver Whitecaps FC,3926899,210,14
2022-12-12,Mioveni,Univ. Craiova,0.0,1.0,ROU,RO1,11390,CS Mioveni,40812,CS Universitatea Craiova,3953039,160,2
2022-12-17,Mirandes,Ponferradina,2.0,1.0,SP2,ES2,13222,CD Mirandés,4032,SD Ponferradina,3850231,130,5
2022-10-30,Mjallby,AIK,1.0,2.0,SWE,SE1,2719,Mjällby AIF,272,AIK,3731535,150,5
2021-12-12,Mjondalen,Bodo/Glimt,0.0,3.0,NOR,NO1,11338,Mjøndalen IF,501,FK Bodø/Glimt,3566712,50,8
2022-12-18,Modena,Benevento,1.0,1.0,I2,IT2,1385,Modena FC,4171,Benevento Calcio,3874091,210,7
2022-11-06,Molde,Sandefjord,2.0,1.0,NOR,NO1,687,Molde FK,6399,Sandefjord Fotball,3750634,210,8
2022-11-13,Monaco,Marseille,2.0,3.0,F1,FR1,162,AS Monaco,244,Olympique Marseille,3840099,210,7
2012-06-01,Monaghan,St. Patricks,0.0,4.0,IRL,IR1,,,,,,0,0
2020-03-14,Monarcas,Queretaro,4.0,0.0,MEX,MEX1,5623,Monarcas Morelia,4961,Querétaro FC,3332761,130,2
2015-11-07,Montedio Yamagata,Shimizu S-Pulse,1.0,2.0,JPN,JAP1,,,,,,0,0
2022-10-24,Monterrey,Pachuca,0.0,1.0,MEX,MEX1,,,,,,0,0
2022-11-13,Montpellier,Reims,1.0,1.0,F1,FR1,969,Montpellier HSC,1421,Stade Reims,3840102,210,7
2022-12-23,Montrose,Airdrie Utd,2.0,4.0,SC2,SC3,,,,,,0,2
2022-11-13,Monza,Salernitana,3.0,0.0,I1,IT1,2919,AC Monza,380,US Salernitana 1919,3844882,210,7
2022-12-29,Morecambe,Accrington,2.0,0.0,E2,GB3,1110,Huddersfield Town,1194,Rotherham United,3856924,50,8
2022-05-14,Moreirense,Vizela,4.0,1.0,P1,PO1,,,,,,0,7
2022-11-12,Morton,Partick,2.0,1.0,SC1,SC2,371,Celtic FC,2759,Ross County FC,3890102,50,6
2022-12-23,Motherwell,Kilmarnock,2.0,2.0,SC0,SC1,987,Motherwell FC,2553,Kilmarnock FC,3890128,210,2
2021-04-12,Mouscron,Antwerp,2.0,3.0,B1,BE1,29228,Mouscron-Péruwelz,1096,Royal Antwerp FC,3415530,210,1
2014-10-19,MyPa,Inter Turku,2.0,2.0,FIN,FI1,,,,,,0,0
2019-05-15,NAC Breda,Zwolle,0.0,0.0,N1,NL1,132,NAC Breda,1269,PEC Zwolle,3141189,230,9
2021-05-19,Nacional,Rio Ave,1.0,2.0,P1,PO1,982,CD Nacional,2425,Rio Ave FC,3432246,210,9
2022-10-29,Nagoya Grampus,FC Tokyo,2.0,1.0,JPN,JAP1,1066,Nagoya Grampus,6631,FC Tokyo,3746318,250,9
2022-05-14,Nancy,Pau FC,2.0,3.0,F2,FR2,1159,AS Nancy-Lorraine,3166,Pau FC,3590308,230,20
2022-11-13,Nantes,Ajaccio,2.0,2.0,F1,FR1,995,FC Nantes,1147,AC Ajaccio,3840100,210,7
2022-11-12,Napoli,Udinese,3.0,2.0,I1,IT1,6195,SSC Napoli,410,Udinese Calcio,3844883,210,11
2022-10-03,Nashville SC,Houston Dynamo,1.0,2.0,USA,MLS1,63966,Nashville SC,9168,Houston Dynamo,3926885,250,1
2013-12-07,Nautico,Corinthians,1.0,0.0,BRA,BRA1,2646,Clube Náutico Capibaribe,199,Sport Club Corinthians Paulista,2344257,130,2
2014-05-21,Navodari,CFR Cluj,2.0,1.0,ROU,RO1,31304,Sageata Navodari (- 2015),7769,CFR Cluj,2353724,230,5
2022-09-24,Necaxa,Mazatlan FC,2.0,2.0,MEX,MEX1,1146,Club Necaxa,82696,Mazatlán FC,3840705,130,2
2018-05-31,Neustadt,St. Polten,0.0,2.0,AUT,A1,,,,,,0,0
2022-10-01,New England Revolution,Atlanta Utd,2.0,1.0,USA,MLS1,626,New England Revolution,51663,Atlanta United FC,3926873,180,4
2022-10-18,New York City,Inter Miami,3.0,0.0,USA,MLS1,,,,,,0,0
2022-10-15,New York Red Bulls,FC Cincinnati,1.0,2.0,USA,MLS1,,,,,,0,0
2022-12-31,Newcastle,Leeds,0.0,0.0,E0,GB1,762,Newcastle United,399,Leeds United,3838267,210,6
2022-10-16,Newells Old Boys,Boca Juniors,2.0,0.0,ARG,ARG1,,,,,,0,0
2022-12-30,Newport County,Leyton Orient,0.0,0.0,E3,GB4,,,,,,0,6
2022-12-29,Nice,Lens,0.0,0.0,F1,FR1,417,OGC Nice,826,RC Lens,3840113,210,4
2022-11-13,Nijmegen,Waalwijk,6.0,1.0,N1,NL1,467,NEC Nijmegen,235,RKC Waalwijk,3852624,210,6
2022-12-26,Nimes,Guingamp,1.0,2.0,F2,FR2,1160,Nîmes Olympique,855,EA Guingamp,3864964,130,10
2022-12-30,Niort,Pau FC,2.0,1.0,F2,FR2,1161,Chamois Niortais FC,3166,Pau FC,3864974,230,10
2022-11-13,Nordsjaelland,Aalborg,5.0,1.0,DNK,DK1,2778,FC Nordsjaelland,1053,Aalborg BK,3828512,210,5
2022-10-31,Norrkoping,Djurgarden,0.0,1.0,SWE,SE1,2844,IFK Norrköping,1044,Djurgårdens IF,3731534,50,2
2022-12-29,Northampton,Swindon,1.0,2.0,E3,GB4,164,Blackburn Rovers,641,Middlesbrough FC,3856921,50,8
2022-12-30,Norwich,Reading,1.0,1.0,E1,GB2,1123,Norwich City,1032,Reading FC,3856926,210,6
2022-11-12,Nott'm Forest,Crystal Palace,1.0,0.0,E0,GB1,703,Nottingham Forest,873,Crystal Palace,3838242,180,18
2019-04-27,Notts County,Grimsby,2.0,1.0,E3,GB4,1123,Norwich City,164,Blackburn Rovers,3054241,50,16
2015-11-09,Nueva Chicago,Quilmes,2.0,1.0,ARG,ARG1,,,,,,0,0
2020-07-20,Numancia,Tenerife,2.0,1.0,SP2,ES2,2296,CD Numancia,648,CD Tenerife,3209339,210,10
2022-11-13,Nurnberg,Paderborn,2.0,1.0,D2,L2,4,1.FC Nuremberg,127,SC Paderborn 07,3839325,130,5
2022-12-22,OFI Crete,Atromitos,0.0,1.0,G1,GR1,653,OFI Crete FC,3060,Atromitos Athens,3889082,210,16
2022-11-06,Odd,Stromsgodset,5.0,1.0,NOR,NO1,1058,Odd Grenland,2817,Strømsgodset IF,3750636,130,8
2022-11-06,Odense,Brondby,1.0,1.0,DNK,DK1,173,Odense Boldklub,206,Bröndby IF,3828506,130,4
2021-11-27,Oita Trinita,Yokohama FC,2.0,0.0,JPN,JAP1,3935,Oita Trinita,943,Yokohama FC,3509676,250,10
2022-10-30,Okayama,Montedio Yamagata,0.0,3.0,JPN,JAP1,,,,,,0,0
2022-05-07,Oldham,Crawley Town,3.0,3.0,E3,GB4,,,,,,0,18
2018-05-12,Olimpo Bahia Blanca,Talleres Cordoba,2.0,2.0,ARG,ARG1,,,,,,0,0
2022-12-28,Olympiakos,Asteras Tripolis,5.0,0.0,G1,GR1,683,Olympiacos Piraeus,6676,Asteras Tripolis,3889089,150,5
2019-12-01,Omiya Ardija,Montedio Yamagata,0.0,2.0,JPN,JAP1,,,,,,0,0
2022-11-06,Oostende,Kortrijk,3.0,1.0,B1,BE1,2861,KV Oostende (-2024),601,KV Kortrijk,3851199,210,6
2021-12-04,Orebro,Elfsborg,2.0,3.0,SWE,SE1,1056,Örebro SK,1101,IF Elfsborg,3517900,130,7
2022-11-13,Orenburg,Krasnodar,5.0,1.0,RUS,RU1,14589,FC Orenburg,16704,FC Krasnodar,3925981,210,10
2022-10-09,Orlando City,Columbus Crew,2.0,1.0,USA,MLS1,45604,Orlando City SC,813,Columbus Crew,3926893,230,14
2020-02-28,Orleans,Troyes,0.0,2.0,F2,FR2,10868,US Orléans,1095,ESTAC Troyes,3240010,130,9
2022-11-08,Osasuna,Barcelona,1.0,2.0,SP1,ES1,331,CA Osasuna,131,FC Barcelona,3886451,210,3
2021-05-16,Osnabruck,Hamburg,3.0,2.0,D2,L2,81,VfL Osnabrück,41,Hamburger SV,3413274,130,11
2022-11-10,Oster,Varberg,1.0,2.0,SWE,SE1,,,,,,0,0
2013-11-03,Osters,Djurgarden,1.0,1.0,SWE,SE1,1236,Östers IF,1044,Djurgårdens IF,2295302,50,8
2021-12-04,Ostersunds,Degerfors,0.0,1.0,SWE,SE1,9614,Östersunds FK,3641,Degerfors IF,3517901,130,7
2015-05-23,Otelul,U. Cluj,2.0,1.0,ROU,RO1,4959,Otelul Galati,6429,Universitatea Cluj,2546233,160,3
2022-11-11,Oud-Heverlee Leuven,Seraing,5.0,0.0,B1,BE1,2727,Oud-Heverlee Leuven,2715,RFC Seraing,3851239,230,3
2022-12-17,Oviedo,Sp Gijon,1.0,0.0,SP2,ES2,2497,Real Oviedo,2448,Sporting Gijón,3850232,130,5
2022-12-29,Oxford,Charlton,3.0,1.0,E2,GB3,,,,,,0,8
2022-11-13,PAOK,Volos NFC,3.0,0.0,G1,GR1,1091,PAOK Thessaloniki,60949,Volos NPS,3889075,160,12
2016-10-23,PK-35 Vantaa,Inter Turku,2.0,1.0,FIN,FI1,,,,,,0,0
2018-10-21,PS Kemi,Mariehamn,2.0,0.0,FIN,FI1,,,,,,0,0
2022-11-12,PSV Eindhoven,AZ Alkmaar,0.0,1.0,N1,NL1,383,PSV Eindhoven,1090,AZ Alkmaar,3852625,250,4
2022-10-31,Pachuca,Toluca,3.0,1.0,MEX,MEX1,,,,,,0,0
2022-11-13,Pacos Ferreira,Vizela,0.0,2.0,P1,PO1,2995,FC Paços de Ferreira,6912,FC Vizela,3869138,160,9
2022-11-08,Paderborn,Bielefeld,0.0,2.0,D2,L2,127,SC Paderborn 07,10,Arminia Bielefeld,3839305,210,8
2019-05-11,Padova,Livorno,1.0,1.0,I2,IT2,3037,Calcio Padova,1210,AS Livorno,3092630,210,12
2022-12-18,Palermo,Cagliari,2.0,1.0,I2,IT2,458,US Palermo,1390,Cagliari Calcio,3874092,210,7
2022-11-10,Palmeiras,America MG,2.0,1.0,BRA,BRA1,1023,Sociedade Esportiva Palmeiras,2863,América Futebol Clube (MG),3767935,130,4
2022-12-28,Panathinaikos,OFI Crete,1.0,1.0,G1,GR1,265,Panathinaikos FC,653,OFI Crete FC,3889090,210,5
2017-05-26,Pandurii,Gaz Metan Medias,0.0,0.0,ROU,RO1,,,,,,0,0
2022-12-22,Panetolikos,PAOK,0.0,2.0,G1,GR1,6418,Panetolikos GFS,1091,PAOK Thessaloniki,3889083,210,16
2020-07-11,Panionios,Panetolikos,0.0,2.0,G1,GR1,,,,,,0,0
2018-12-02,Parana,Internacional,1.0,1.0,BRA,BRA1,309,Paraná Clube,6600,Sport Club Internacional,3037156,130,8
2022-11-11,Pari NN,Akhmat Grozny,3.0,2.0,RUS,RU1,49702,FC Pari Nizhniy Novgorod,3725,Terek Grozny,3925976,110,1
2022-12-30,Paris FC,Le Havre,0.0,0.0,F2,FR2,10004,Paris FC,738,Le Havre AC,3864975,230,10
2022-12-28,Paris SG,Strasbourg,2.0,1.0,F1,FR1,583,Paris Saint-Germain,667,RC Strasbourg Alsace,3840115,160,6
2022-12-18,Parma,Spal,0.0,1.0,I2,IT2,130,Parma FC,2722,SPAL 2013,3874093,210,7
2022-12-23,Partick,Inverness C,5.0,1.0,SC1,SC2,,,,,,0,2
2022-10-23,Patronato,Huracan,3.0,2.0,ARG,ARG1,,,,,,0,0
2022-12-26,Pau FC,Paris FC,0.0,1.0,F2,FR2,3166,Pau FC,10004,Paris FC,3864968,250,10
2022-12-19,Perugia,Venezia,2.0,1.0,I2,IT2,839,AC Perugia Calcio,607,Venezia FC,3874094,210,1
2021-05-10,Pescara,Salernitana,0.0,3.0,I2,IT2,2921,Delfino Pescara 1936,380,US Salernitana 1919,3442916,210,10
2022-12-29,Peterboro,Milton Keynes Dons,2.0,0.0,E2,GB3,1110,Huddersfield Town,1194,Rotherham United,3856924,50,8
2022-11-19,Peterhead,Dunfermline,0.0,2.0,SC2,SC3,,,,,,0,0
2022-12-18,Petrolul,U Craiova 1948,1.0,1.0,ROU,RO1,9465,Petrolul Ploiesti,1007,FC U Craiova 1948,3953045,210,2
2022-10-31,Philadelphia Union,New York City,3.0,1.0,USA,MLS1,,,,,,0,0
2022-11-05,Piast Gliwice,Warta Poznan,0.0,2.0,POL,PL1,6112,Piast Gliwice,7146,Warta Poznan,3829041,250,8
2022-12-17,Pisa,Brescia,3.0,0.0,I2,IT2,4172,AC Pisa 1909,19,Brescia Calcio,3874095,210,2
2022-10-26,Platense,Lanus,1.0,1.0,ARG,ARG1,,,,,,0,0
2022-12-29,Plymouth,Wycombe,1.0,0.0,E2,GB3,,,,,,0,8
2021-05-08,Podbeskidzie,Wisla Plock,1.0,1.0,POL,PL1,6361,Podbeskidzie Bielsko-Biala,2118,Wisla Plock,3500430,230,7
2022-11-05,Pogon Szczecin,Gornik Z.,1.0,4.0,POL,PL1,324,Pogon Szczecin,428,Górnik Zabrze,3829042,150,8
2021-05-15,Poli Iasi,FC Hermannstadt,0.0,1.0,ROU,RO1,,,,,,0,0
2018-05-28,Poli Timisoara,Din. Bucuresti,1.0,3.0,ROU,RO1,,,,,,0,0
2013-05-30,Polonia Warszawa,Piast Gliwice,1.0,1.0,POL,PL1,2745,Polonia Warsaw,6112,Piast Gliwice,2224372,180,8
2022-12-11,Ponferradina,Lugo,1.0,0.0,SP2,ES2,4032,SD Ponferradina,11000,CD Lugo,3850224,210,7
2017-11-26,Ponte Preta,Vitoria,2.0,3.0,BRA,BRA1,1134,Associação Atlética Ponte Preta,2125,Esporte Clube Vitória,2969643,130,8
2022-04-30,Pordenone,Crotone,3.0,3.0,I2,IT2,21331,Pordenone Calcio,4083,FC Crotone,3625654,210,14
2022-12-26,Port Vale,Morecambe,1.0,0.0,E2,GB3,,,,,,0,17
2022-12-28,Portimonense,Casa Pia,1.0,2.0,P1,PO1,7378,Portimonense SAD,3268,Casa Pia AC,3869148,210,3
2022-10-02,Portland Timbers,Los Angeles FC,1.0,2.0,USA,MLS1,4291,Portland Timbers,51828,Los Angeles FC,3926883,250,9
2022-12-28,Porto,Arouca,5.0,1.0,P1,PO1,720,FC Porto,8024,FC Arouca,3869152,210,3
2022-12-29,Portsmouth,Ipswich,2.0,2.0,E2,GB3,,,,,,0,8
2013-12-08,Portuguesa,Gremio,0.0,0.0,BRA,BRA1,10247,Portuguesa,210,Grêmio Foot-Ball Porto Alegrense,2344191,150,8
2022-12-26,Preston,Huddersfield,1.0,2.0,E1,GB2,466,Preston North End,1110,Huddersfield Town,3857034,210,17
2022-10-13,Puebla,Club America,1.0,6.0,MEX,MEX1,,,,,,0,0
2022-12-29,QPR,Luton,0.0,3.0,E1,GB2,1039,Queens Park Rangers,1031,Luton Town,3856927,130,8
2022-01-08,Qingdao FC,Zhejiang Professional,0.0,1.0,CHN,CSL,,,,,,0,0
2022-12-31,Queen of Sth,Clyde,1.0,0.0,SC2,SC3,,,,,,0,0
2022-12-03,Queens Park,Hamilton,4.0,0.0,SC1,SC2,,,,,,0,0
2022-09-10,Queretaro,Santos Laguna,3.0,3.0,MEX,MEX1,,,,,,0,1
2022-12-26,Quevilly Rouen,Grenoble,2.0,0.0,F2,FR2,7124,Quevilly Rouen Métropole,1290,Grenoble Foot 38,3864965,210,10
2017-06-21,Quilmes,Arsenal Sarandi,2.0,2.0,ARG,ARG1,,,,,,0,0
2021-05-01,R. Volgograd,Akhmat Grozny,1.0,0.0,RUS,RU1,3609,Rotor Volgograd,3725,Terek Grozny,3522906,110,4
2022-11-09,RB Leipzig,Freiburg,3.0,1.0,D1,L1,23826,RB Leipzig,60,SC Freiburg,3839250,230,9
2022-10-23,Racing Club,River Plate,1.0,2.0,ARG,ARG1,,,,,,0,0
2022-11-13,Radomiak Radom,Pogon Szczecin,1.0,2.0,POL,PL1,7154,Radomiak Radom,324,Pogon Szczecin,3829050,250,7
2022-12-23,Raith Rvs,Morton,2.0,2.0,SC1,SC2,987,Motherwell FC,2553,Kilmarnock FC,3890128,50,2
2022-11-05,Rakow,Wisla Plock,7.0,1.0,POL,PL1,9644,Raków Częstochowa,2118,Wisla Plock,3829043,150,8
2022-11-13,Randers FC,Midtjylland,0.0,0.0,DNK,DK1,5724,Randers FC,865,FC Midtjylland,3828511,230,5
2022-12-28,Rangers,Motherwell,3.0,0.0,SC0,SC1,124,Rangers FC,987,Motherwell FC,3890111,210,6
2019-11-24,Ranheim,Lillestrom,2.0,1.0,NOR,NO1,13519,Ranheim IL,353,Lillestrøm SK,3172661,130,8
2019-06-08,Rayo Majadahonda,Reus Deportiu,1.0,0.0,SP2,ES2,331,CA Osasuna,2497,Real Oviedo,3094134,50,7
2022-12-27,Reading,Swansea,2.0,1.0,E1,GB2,1032,Reading FC,2288,Swansea City,3857035,210,4
2022-11-10,Real Madrid,Cadiz,2.0,1.0,SP1,ES1,418,Real Madrid,2687,Cádiz CF,3886454,150,3
2022-10-09,Real Salt Lake,Portland Timbers,3.0,1.0,USA,MLS1,6643,Real Salt Lake City,4291,Portland Timbers,3926900,230,14
2019-05-10,Red Star,Paris FC,0.0,1.0,F2,FR2,618,AS Saint-Étienne,969,Montpellier HSC,3047879,50,10
2022-11-09,Regensburg,Braunschweig,1.0,1.0,D2,L2,109,SSV Jahn Regensburg,23,Eintracht Braunschweig,3839309,210,9
2021-05-07,Reggiana,Spal,1.0,2.0,I2,IT2,5621,AC Reggiana 1919,2722,SPAL 2013,3442908,210,10
2022-12-17,Reggina,Bari,0.0,0.0,I2,IT2,1386,Reggina Calcio,332,AS Bari,3874096,210,2
2022-12-29,Reims,Rennes,3.0,1.0,F1,FR1,1421,Stade Reims,273,Stade Rennais FC,3840117,130,4
2022-11-12,Rennes,Toulouse,2.0,1.0,F1,FR1,273,Stade Rennais FC,415,FC Toulouse,3840108,130,12
2019-06-02,Reus Deportiu,Sp Gijon,0.0,1.0,SP2,ES2,2687,Cádiz CF,29095,Extremadura UD,3094123,50,7
2022-11-05,Ried,A. Klagenfurt,2.0,2.0,AUT,A1,266,SV Ried,28760,SK Austria Klagenfurt,3856337,160,6
2022-12-23,Rio Ave,Maritimo,1.0,1.0,P1,PO1,2425,Rio Ave FC,1301,CS Marítimo,3869147,130,3
2022-10-17,River Plate,Rosario Central,1.0,2.0,ARG,ARG1,,,,,,0,0
2022-05-16,Rizespor,Sivasspor,1.0,2.0,T1,TR1,,,,,,0,0
2022-12-26,Rochdale,Hartlepool,1.0,2.0,E3,GB4,29,Everton FC,543,Wolverhampton Wanderers,3838257,50,17
2022-12-30,Rodez,Dijon,2.0,1.0,F2,FR2,11273,Rodez AF,2969,Dijon FCO,3864976,210,10
2022-11-13,Roma,Torino,1.0,1.0,I1,IT1,12,AS Roma,416,Torino FC,3844884,210,7
2022-10-24,Rosario Central,Colon Santa Fe,1.0,1.0,ARG,ARG1,,,,,,0,0
2022-11-13,Rosenborg,Sarpsborg 08,2.0,3.0,NOR,NO1,195,Rosenborg BK,10217,Sarpsborg 08 FF,3750648,210,8
2022-12-23,Ross County,Rangers,0.0,1.0,SC0,SC1,2759,Ross County FC,124,Rangers FC,3890129,210,2
2022-12-26,Rotherham,Stoke,2.0,2.0,E1,GB2,1194,Rotherham United,512,Stoke City,3857036,210,17
2021-11-03,Rovaniemi,AC Oulu,2.0,1.0,FIN,FI1,,,,,,0,0
2022-05-21,Rubin Kazan,Ufa,1.0,2.0,RUS,RU1,2698,Rubin Kazan,28095,FC Ufa,3602642,230,18
2017-06-02,Ruch,Leczna,2.0,2.0,POL,PL1,318,Ruch Chorzow,3291,Gornik Leczna,2850586,210,4
2022-10-19,SJK,AC Oulu,0.0,1.0,FIN,FI1,,,,,,0,0
2022-11-06,SK Rapid,LASK,1.0,0.0,AUT,A1,170,Rapid Vienna,413,LASK,3856336,180,4
2022-05-25,SKA Khabarovsk,Khimki,1.0,0.0,RUS,RU1,,,,,,0,0
2021-05-24,Sabadell,Ponferradina,2.0,0.0,SP2,ES2,11422,CE Sabadell FC,4032,SD Ponferradina,3457386,210,9
2022-11-05,Sagan Tosu,Sanfrecce Hiroshima,2.0,2.0,JPN,JAP1,22177,Sagan Tosu,2697,Sanfrecce Hiroshima,3746295,250,9
2022-11-05,Salernitana,Cremonese,2.0,2.0,I1,IT1,380,US Salernitana 1919,2239,US Cremonese,3844863,210,12
2022-12-26,Salford,Barrow,1.0,1.0,E3,GB4,3008,Hull City,1181,Blackpool FC,3857031,50,17
2022-10-29,Salzburg,Hartberg,1.0,0.0,AUT,A1,409,Red Bull Salzburg,4467,TSV Hartberg,3856341,210,6
2022-11-12,Sampdoria,Lecce,0.0,2.0,I1,IT1,1038,UC Sampdoria,1005,US Lecce,3844885,210,11
2022-10-02,San Jose Earthquakes,Minnesota United,2.0,0.0,USA,MLS1,218,San Jose Earthquakes,56089,Minnesota United FC,3926879,230,9
2022-10-22,San Lorenzo,Aldosivi,3.0,0.0,ARG,ARG1,,,,,,0,0
2019-04-07,San Martin S.J.,Talleres Cordoba,2.0,1.0,ARG,ARG1,,,,,,0,0
2019-04-06,San Martin T.,San Lorenzo,0.0,0.0,ARG,ARG1,,,,,,0,0
2018-05-12,Sandecja Nowy S.,Cracovia,0.0,1.0,POL,PL1,8984,Sandecja Nowy Sacz,5689,Cracovia,3030330,210,9
2022-11-16,Sandefjord,Kongsvinger,4.0,0.0,NOR,NO1,,,,,,0,0
2022-11-09,Sandhausen,Heidenheim,3.0,4.0,D2,L2,254,SV Sandhausen,2036,1.FC Heidenheim 1846,3839308,210,9
2014-11-09,Sandnes,Aalesund,1.0,2.0,NOR,NO1,13025,Sandnes Ulf,5619,Aalesunds FK,2411879,210,8
2022-10-29,Sanfrecce Hiroshima,Hokkaido Consadole Sapporo,1.0,2.0,JPN,JAP1,2697,Sanfrecce Hiroshima,16032,Hokkaido Consadole Sapporo,3746321,250,9
2022-11-14,Santa Clara,Estoril,3.0,1.0,P1,PO1,2423,CD Santa Clara,1465,GD Estoril Praia,3869142,210,3
2016-11-27,Santa Cruz,Gremio,5.0,1.0,BRA,BRA1,1785,Santa Cruz FC (PE),210,Grêmio Foot-Ball Porto Alegrense,2798389,130,7
2022-12-11,Santander,Mirandes,1.0,2.0,SP2,ES2,630,Racing Santander,13222,CD Mirandés,3850225,130,7
2022-11-13,Santos,Fortaleza,0.0,2.0,BRA,BRA1,221,Santos FC,10870,Fortaleza Esporte Clube,3767926,210,10
2022-10-17,Santos Laguna,Toluca,1.0,2.0,MEX,MEX1,,,,,,0,0
2022-11-09,Sao Paulo,Internacional,0.0,1.0,BRA,BRA1,585,São Paulo Futebol Clube,6600,Sport Club Internacional,3767934,160,4
2022-10-18,Sarmiento Junin,San Lorenzo,2.0,4.0,ARG,ARG1,,,,,,0,0
2022-11-06,Sarpsborg 08,Kristiansund,2.0,2.0,NOR,NO1,10217,Sarpsborg 08 FF,21101,Kristiansund BK,3750635,210,8
2022-11-09,Sassuolo,Roma,1.0,1.0,I1,IT1,6574,US Sassuolo,12,AS Roma,3844873,210,5
2022-11-12,Schalke 04,Bayern Munich,0.0,2.0,D1,L1,33,FC Schalke 04,27,Bayern Munich,3839265,230,10
2022-04-30,Scunthorpe,Hartlepool,1.0,1.0,E3,GB4,603,Cardiff City,337,Birmingham City,3592612,50,16
2022-10-09,Seattle Sounders,San Jose Earthquakes,2.0,2.0,USA,MLS1,9636,Seattle Sounders FC,218,San Jose Earthquakes,3926901,230,14
2022-12-17,Sepsi Sf. Gheorghe,U. Cluj,2.0,1.0,ROU,RO1,54585,Sepsi OSK Sf. Gheorghe,6429,Universitatea Cluj,3953051,140,3
2022-12-23,Seraing,Eupen,0.0,1.0,B1,BE1,2715,RFC Seraing,1245,KAS Eupen,3851293,210,3
2022-11-06,Servette,Young Boys,0.0,0.0,SWZ,C1,61,Servette FC,452,BSC Young Boys,3840996,210,3
2020-07-26,Setubal,Belenenses,2.0,0.0,P1,PO1,7378,Portimonense SAD,3336,Desportivo Aves (- 2020),3212691,50,3
2022-11-09,Sevilla,Sociedad,1.0,2.0,SP1,ES1,368,Sevilla FC,681,Real Sociedad,3886455,210,4
2022-10-30,Shamrock Rovers,Derry City,1.0,0.0,IRL,IR1,,,,,,0,0
2020-11-10,Shandong Luneng,Chongqing Liangjiang Athletic,2.0,1.0,CHN,CSL,,,,,,0,0
2022-12-31,Shandong Taishan,Beijing Guoan,3.0,0.0,CHN,CSL,65791,Chengdu Rongcheng,33304,Dalian Aerbin,3900029,50,5
2022-12-31,Shanghai Port,Changchun Yatai,4.0,0.0,CHN,CSL,27190,Shanghai East Asia,4768,Changchun Yatai,3900033,180,5
2020-11-07,Shanghai SIPG,Beijing Guoan,1.0,2.0,CHN,CSL,,,,,,0,0
2022-12-30,Shanghai Shenhua,Shenzhen,2.0,0.0,CHN,CSL,3183,Shanghai Shenhua Liansheng,1320,Shenzhen Ruby,3900035,210,1
2015-10-25,Shanghai Shenxin,Henan Songshan Longmen,1.0,2.0,CHN,CSL,17238,Nanchang Bayi Hengyuan,9982,Henan Jianye,2544374,80,8
2022-12-26,Sheffield United,Coventry,3.0,1.0,E1,GB2,350,Sheffield United,990,Coventry City,3857037,230,17
2022-12-29,Sheffield Weds,Port Vale,2.0,0.0,E2,GB3,1110,Huddersfield Town,1194,Rotherham United,3856924,50,8
2022-10-28,Shelbourne,Drogheda,6.0,0.0,IRL,IR1,,,,,,0,0
2022-12-27,Shenzhen,Guangzhou City,0.0,3.0,CHN,CSL,,,,,,0,4
2020-11-11,Shijiazhuang,Wuhan FC,1.0,2.0,CHN,CSL,,,,,,0,0
2022-10-29,Shimizu S-Pulse,Kashima Antlers,0.0,1.0,JPN,JAP1,1062,Shimizu S-Pulse,2241,Kashima Antlers,3746317,250,9
2022-10-29,Shonan Bellmare,Sagan Tosu,3.0,0.0,JPN,JAP1,8457,Shonan Bellmare,22177,Sagan Tosu,3746316,250,9
2022-12-29,Shrewsbury,Cheltenham,0.0,1.0,E2,GB3,,,,,,0,8
2022-11-12,Silkeborg,Lyngby,0.0,2.0,DNK,DK1,1177,Silkeborg IF,369,Lyngby Boldklub,3828513,210,1
2022-11-12,Sion,St. Gallen,2.0,7.0,SWZ,C1,321,FC Sion,257,FC St. Gallen 1879,3840999,210,2
2022-11-06,Sirius,Varberg,2.0,3.0,SWE,SE1,7945,IK Sirius,10507,Varbergs BoIS,3731543,210,8
2022-12-29,Sivasspor,Galatasaray,1.0,2.0,T1,TR1,,,,,,0,0
2022-11-13,Slask Wroclaw,Legia,0.0,0.0,POL,PL1,759,Slask Wroclaw,255,Legia Warszawa,3829051,230,7
2022-10-28,Sligo Rovers,St. Patricks,1.0,0.0,IRL,IR1,,,,,,0,0
2022-12-26,Sochaux,Rodez,1.0,0.0,F2,FR2,750,FC Sochaux-Montbéliard,11273,Rodez AF,3864966,210,10
2022-11-05,Sochi,Spartak Moscow,1.0,1.0,RUS,RU1,41231,FC Sochi,232,Spartak Moscow,3925969,230,4
2022-12-31,Sociedad,Osasuna,2.0,0.0,SP1,ES1,681,Real Sociedad,331,CA Osasuna,3886469,210,3
2022-05-27,Sociedad B,Zaragoza,1.0,2.0,SP2,ES2,9899,Real Sociedad B,142,Real Zaragoza,3614369,210,2
2017-11-29,Sogndal,Ranheim,1.0,0.0,NOR,NO1,,,,,,0,0
2022-05-21,Sonderjyske,Viborg,0.0,2.0,DNK,DK1,,,,,,0,0
2022-12-26,Southampton,Brighton,1.0,3.0,E0,GB1,180,Southampton FC,1237,Brighton & Hove Albion,3838261,210,17
2021-05-08,Southend,Newport County,1.0,1.0,E3,GB4,603,Cardiff City,1194,Rotherham United,3427580,50,16
2022-12-30,Sp Braga,Benfica,3.0,0.0,P1,PO1,1075,SC Braga,294,SL Benfica,3869149,160,5
2022-12-11,Sp Gijon,Cartagena,0.0,0.0,SP2,ES2,2448,Sporting Gijón,7077,FC Cartagena,3850222,130,7
2022-12-29,Sp Lisbon,Pacos Ferreira,3.0,0.0,P1,PO1,336,Sporting CP,2995,FC Paços de Ferreira,3869144,80,4
2022-12-26,Spal,Pisa,0.0,1.0,I2,IT2,2722,SPAL 2013,4172,AC Pisa 1909,3874105,210,10
2022-11-11,Sparta Rotterdam,Twente,1.0,1.0,N1,NL1,468,Sparta Rotterdam,317,Twente Enschede FC,3852627,230,6
2022-10-30,Spartak Moscow,Torpedo Moscow,1.0,0.0,RUS,RU1,232,Spartak Moscow,1186,Torpedo Moskau,3925966,180,6
2013-06-03,Spartak Nalchik,Krylya Sovetov,2.0,5.0,RUS,RU1,,,,,,0,0
2022-11-08,Spezia,Udinese,1.0,1.0,I1,IT1,3522,Spezia Calcio,410,Udinese Calcio,3844874,210,3
2021-12-10,Sport Recife,Athletico-PR,1.0,1.0,BRA,BRA1,8718,Sport Club do Recife,679,Atlético Paranaense,3584095,110,10
2022-10-02,Sporting Kansas City,Seattle Sounders,1.0,0.0,USA,MLS1,4284,Sporting Kansas City,9636,Seattle Sounders FC,3926884,230,9
2022-12-30,St Etienne,Caen,1.0,1.0,F2,FR2,618,AS Saint-Étienne,1162,SM Caen,3864977,130,10
2022-12-28,St Johnstone,Hearts,2.0,3.0,SC0,SC1,2578,St. Johnstone FC,43,Heart of Midlothian FC,3890112,80,6
2022-12-24,St Mirren,Aberdeen,3.0,1.0,SC0,SC1,465,St. Mirren FC,370,Aberdeen FC,3890130,160,4
2022-11-08,St Pauli,Holstein Kiel,0.0,0.0,D2,L2,35,FC St. Pauli,269,Holstein Kiel,3839304,180,8
2022-12-27,St Truiden,Waregem,2.0,0.0,B1,BE1,475,Sint-Truidense VV,3508,Zulte Waregem,3851296,130,2
2022-11-05,St. Gallen,Grasshoppers,2.0,1.0,SWZ,C1,257,FC St. Gallen 1879,504,Grasshopper Club Zurich,3840997,130,2
2022-12-26,St. Gilloise,Oostende,3.0,0.0,B1,BE1,3948,Union Saint-Gilloise,2861,KV Oostende (-2024),3851294,130,4
2022-11-06,St. Patricks,Shelbourne,4.0,0.0,IRL,IR1,,,,,,0,0
2021-05-29,St. Polten,A. Klagenfurt,0.0,1.0,AUT,A1,,,,,,0,0
2021-12-05,Stabaek,Rosenborg,1.0,3.0,NOR,NO1,1274,Stabæk Fotball,195,Rosenborg BK,3566696,130,8
2022-11-04,Stal Mielec,Zaglebie,3.0,0.0,POL,PL1,22431,Stal Mielec,168,Zaglebie Lubin,3829044,230,4
2022-11-13,Standard,St. Gilloise,2.0,3.0,B1,BE1,3057,Standard Liège,3948,Union Saint-Gilloise,3851238,130,6
2020-12-09,Start,Brann,1.0,1.0,NOR,NO1,267,IK Start,1100,SK Brann,3329927,210,5
2019-04-27,Stenhousemuir,East Fife,1.0,1.0,SC2,SC3,,,,,,0,0
2022-12-30,Stevenage,Crawley Town,3.0,1.0,E3,GB4,,,,,,0,6
2022-12-26,Stockport,Crewe,2.0,0.0,E3,GB4,,,,,,0,17
2022-12-30,Stoke,Burnley,0.0,1.0,E1,GB2,512,Stoke City,1132,Burnley FC,3856928,210,6
2020-03-10,Stranraer,Montrose,0.0,1.0,SC2,SC3,,,,,,0,0
2022-11-13,Strasbourg,Lorient,1.0,1.0,F1,FR1,667,RC Strasbourg Alsace,1158,FC Lorient,3840106,210,7
2022-11-13,Stromsgodset,Bodo/Glimt,2.0,4.0,NOR,NO1,2817,Strømsgodset IF,501,FK Bodø/Glimt,3750647,50,8
2022-10-30,Sturm Graz,Ried,2.0,1.0,AUT,A1,122,SK Sturm Graz,266,SV Ried,3856344,210,5
2022-11-08,Stuttgart,Hertha,2.0,1.0,D1,L1,79,VfB Stuttgart,44,Hertha BSC,3839256,210,8
2022-12-26,Sudtirol,Modena,0.0,2.0,I2,IT2,4554,FC Südtirol,1385,Modena FC,3874106,130,10
2022-12-26,Sunderland,Blackburn,2.0,1.0,E1,GB2,289,Sunderland AFC,164,Blackburn Rovers,3857038,210,17
2022-10-30,Sundsvall,Sirius,2.0,3.0,SWE,SE1,2843,GIF Sundsvall,7945,IK Sirius,3731536,210,5
2022-12-29,Sutton,Gillingham,2.0,1.0,E3,GB4,,,,,,0,8
2022-12-30,Swansea,Watford,4.0,0.0,E1,GB2,2288,Swansea City,1010,Watford FC,3856929,210,6
2022-12-26,Swindon,Walsall,1.0,2.0,E3,GB4,29,Everton FC,543,Wolverhampton Wanderers,3838257,50,17
2013-10-27,Syrianska,Atvidabergs,4.0,1.0,SWE,SE1,7406,Syrianska FC,6139,Åtvidabergs FF,2295318,130,4
2015-05-30,T. Moscow,M. Saransk,2.0,0.0,RUS,RU1,1186,Torpedo Moskau,11126,Mordovia Saransk (-2020),2559134,80,17
2022-10-20,TPS,Lahti,1.0,1.0,FIN,FI1,,,,,,0,0
2022-10-23,Talleres Cordoba,Gimnasia L.P.,2.0,1.0,ARG,ARG1,,,,,,0,0
2021-05-16,Tambov,Zenit,1.0,5.0,RUS,RU1,41201,FK Tambov,964,Zenit St. Petersburg,3522920,210,8
2017-06-05,Targu Mures,Poli Iasi,1.0,1.0,ROU,RO1,,,,,,0,0
2018-05-06,Temperley,Patronato,1.0,2.0,ARG,ARG1,,,,,,0,0
2022-12-16,Tenerife,Andorra,1.0,1.0,SP2,ES2,648,CD Tenerife,10718,FC Andorra,3850235,210,1
2022-05-14,Termalica B-B.,Piast Gliwice,0.0,1.0,POL,PL1,15906,Bruk-Bet Termalica Nieciecza,6112,Piast Gliwice,3720543,180,7
2022-12-18,Ternana,Como,0.0,3.0,I2,IT2,1103,Ternana Calcio,1047,Como 1907,3874097,210,7
2021-05-27,Thun,Sion,1.0,4.0,SWZ,C1,,,,,,0,0
2022-12-27,Tianjin Jinmen Tiger,Dalian Pro,0.0,3.0,CHN,CSL,,,,,,0,4
2018-11-11,Tianjin Quanjian,Shanghai SIPG,3.0,2.0,CHN,CSL,33714,Tianjin Quanjian,27190,Shanghai East Asia,3003949,180,8
2019-11-27,Tianjin Tianhai,Dalian Yifang F.C.,5.0,1.0,CHN,CSL,33714,Tianjin Quanjian,33304,Dalian Aerbin,3156572,110,8
2022-10-25,Tigre,Arsenal Sarandi,1.0,4.0,ARG,ARG1,,,,,,0,0
2022-10-14,Tigres UANL,Pachuca,1.0,0.0,MEX,MEX1,,,,,,0,0
2022-11-12,Tirol,Ried,2.0,0.0,AUT,A1,2446,WSG Tirol,266,SV Ried,3856370,210,5
2021-12-04,Tokushima,Sanfrecce Hiroshima,2.0,4.0,JPN,JAP1,17832,Tokushima Vortis,2697,Sanfrecce Hiroshima,3509060,230,10
2022-10-28,Toluca,Pachuca,1.0,5.0,MEX,MEX1,,,,,,0,0
2019-06-02,Tomsk,Ufa,1.0,0.0,RUS,RU1,,,,,,0,0
2022-05-14,Tondela,Boavista,2.0,2.0,P1,PO1,7179,CD Tondela,2503,Boavista FC,3621601,210,7
2022-11-09,Torino,Sampdoria,2.0,0.0,I1,IT1,416,Torino FC,1038,UC Sampdoria,3844875,210,5
2022-10-01,Toronto FC,Inter Miami,0.0,1.0,USA,MLS1,11141,Toronto FC,69261,Inter Miami CF,3926872,230,4
2022-11-12,Torpedo Moscow,Zenit,0.0,2.0,RUS,RU1,1186,Torpedo Moskau,964,Zenit St. Petersburg,3925979,160,6
2018-05-05,Tosno,Dynamo Moscow,1.0,2.0,RUS,RU1,40426,FC Tosno (-2018),121,Dinamo Moscow,3031048,160,5
2022-11-12,Tottenham,Leeds,4.0,3.0,E0,GB1,148,Tottenham Hotspur,399,Leeds United,3838243,210,18
2022-11-06,Toulouse,Monaco,0.0,2.0,F1,FR1,415,FC Toulouse,162,AS Monaco,3840097,210,7
2022-12-24,Trabzonspor,Fenerbahce,2.0,0.0,T1,TR1,,,,,,0,0
2022-12-26,Tranmere,Doncaster,3.0,0.0,E3,GB4,,,,,,0,17
2020-07-31,Trapani,Crotone,2.0,0.0,I2,IT2,4331,Trapani Calcio,4083,FC Crotone,3237098,210,10
2021-11-03,Treaty United,UC Dublin,0.0,3.0,IRL,IR1,,,,,,0,0
2018-11-05,Trelleborgs,Ostersunds,0.0,1.0,SWE,SE1,701,Trelleborgs FF,9614,Östersunds FK,3052390,130,4
2022-11-13,Tromso,Aalesund,2.0,2.0,NOR,NO1,1293,Tromsø IL,5619,Aalesunds FK,3750650,130,8
2022-12-28,Troyes,Nantes,0.0,0.0,F1,FR1,1095,ESTAC Troyes,995,FC Nantes,3840118,210,6
2022-11-06,Twente,Go Ahead Eagles,1.0,1.0,N1,NL1,317,Twente Enschede FC,1435,Go Ahead Eagles,3852612,230,5
2021-02-06,U Craiova,Din. Bucuresti,1.0,0.0,ROU,RO1,40812,CS Universitatea Craiova,312,FC Dinamo 1948,3515259,80,2
2022-12-12,U Craiova 1948,FC Arges,1.0,0.0,ROU,RO1,1007,FC U Craiova 1948,41278,ACSC FC Arges,3953038,210,2
2022-12-11,U. Cluj,UTA Arad,0.0,0.0,ROU,RO1,6429,Universitatea Cluj,952,UTA Arad,3953042,180,3
2022-11-11,UC Dublin,Waterford,1.0,0.0,IRL,IR1,,,,,,0,0
2022-09-18,UNAM Pumas,Cruz Azul,1.0,2.0,MEX,MEX1,,,,,,0,2
2022-12-18,UTA Arad,FC Rapid Bucuresti,1.0,1.0,ROU,RO1,952,UTA Arad,455,Rapid Bucharest,3953049,180,2
2022-11-04,Udinese,Lecce,1.0,1.0,I1,IT1,410,Udinese Calcio,1005,US Lecce,3845155,210,1
2022-05-28,Ufa,Orenburg,1.0,2.0,RUS,RU1,,,,,,0,0
2012-11-21,Ull/Kisa,Sandnes,0.0,4.0,NOR,NO1,,,,,,0,0
2022-12-23,Umraniyespor,Buyuksehyr,1.0,3.0,T1,TR1,,,,,,0,0
2022-11-09,Union Berlin,Augsburg,2.0,2.0,D1,L1,89,1.FC Union Berlin,167,FC Augsburg,3839251,210,9
2022-10-22,Union de Santa Fe,Central Cordoba,1.0,4.0,ARG,ARG1,,,,,,0,0
2022-12-17,Univ. Craiova,Chindia Targoviste,3.0,0.0,ROU,RO1,40812,CS Universitatea Craiova,12680,AFC Chindia Targoviste,3953047,160,3
2022-11-12,Ural,Fakel Voronezh,2.0,0.0,RUS,RU1,11127,Ural Yekaterinburg,1124,Fakel Voronezh,3925977,230,6
2022-11-05,Urawa Reds,Avispa Fukuoka,1.0,1.0,JPN,JAP1,828,Urawa Red Diamonds,9597,Avispa Fukuoka,3746289,180,9
2022-11-06,Utrecht,Groningen,2.0,1.0,N1,NL1,200,FC Utrecht,202,FC Groningen,3852613,210,5
2018-12-01,V-Varen Nagasaki,Shimizu S-Pulse,4.0,4.0,JPN,JAP1,23581,V-Varen Nagasaki,1062,Shimizu S-Pulse,3022237,250,9
2022-10-26,VPS,Haka,0.0,3.0,FIN,FI1,,,,,,0,0
2021-05-16,VVV Venlo,FC Emmen,0.0,4.0,N1,NL1,1426,VVV-Venlo,1283,FC Emmen,3450782,150,9
2021-05-15,Vaduz,Servette,1.0,3.0,SWZ,C1,163,FC Vaduz,61,Servette FC,3506504,210,5
2022-11-10,Valencia,Betis,3.0,0.0,SP1,ES1,1049,Valencia CF,150,Real Betis Balompié,3886452,210,3
2022-12-26,Valenciennes,Amiens,1.0,1.0,F2,FR2,1423,Valenciennes FC,1416,Amiens SC,3864967,210,10
2022-11-13,Valerenga,Molde,1.0,2.0,NOR,NO1,76,Vålerenga Fotball Elite,687,Molde FK,3750652,130,8
2022-12-30,Valladolid,Real Madrid,0.0,2.0,SP1,ES1,366,Real Valladolid CF,418,Real Madrid,3886470,230,5
2022-11-10,Vallecano,Celta,0.0,0.0,SP1,ES1,367,Rayo Vallecano,940,Celta de Vigo,3886453,210,3
2022-10-02,Vancouver Whitecaps,Austin FC,2.0,0.0,USA,MLS1,6321,Vancouver Whitecaps FC,72309,Austin FC,3926880,230,9
2022-11-13,Varberg,Oster,2.0,1.0,SWE,SE1,,,,,,0,0
2022-11-06,Varnamo,Goteborg,1.0,4.0,SWE,SE1,3622,IFK Värnamo,801,IFK Göteborg,3731542,50,8
2021-02-26,Vasco,Goias,3.0,2.0,BRA,BRA1,978,Clube de Regatas Vasco da Gama,3197,Goiás EC,3418117,130,9
2014-05-19,Vaslui,Astra,1.0,4.0,ROU,RO1,8174,FC Vaslui,13499,Astra Ploiesti,2353710,210,1
2021-12-04,Vegalta Sendai,Kashima Antlers,0.0,1.0,JPN,JAP1,6395,Vegalta Sendai,2241,Kashima Antlers,3509052,250,10
2022-05-21,Vejle,Odense,2.0,1.0,DNK,DK1,,,,,,0,0
2022-10-25,Velez Sarsfield,Central Cordoba,3.0,1.0,ARG,ARG1,,,,,,0,0
2019-06-02,Vendsyssel,Lyngby,2.0,2.0,DNK,DK1,,,,,,0,0
2022-12-26,Venezia,Parma,2.0,2.0,I2,IT2,607,Venezia FC,130,Parma FC,3874107,210,10
2019-11-09,Veracruz,Club America,0.0,5.0,MEX,MEX1,5138,Tiburones Rojos de Veracruz,3631,CF América,3208171,130,3
2022-11-13,Verona,Spezia,1.0,2.0,I1,IT1,276,Hellas Verona,3522,Spezia Calcio,3844879,210,7
2015-06-07,Vestsjaelland,Silkeborg,3.0,1.0,DNK,DK1,20100,FC Vestsjaelland,1177,Silkeborg IF,2532543,210,6
2022-11-06,Viborg,Aarhus,1.0,1.0,DNK,DK1,1063,Viborg FF,678,Aarhus GF,3828507,210,4
2022-04-30,Vicenza,Lecce,2.0,1.0,I2,IT2,2655,Vicenza Calcio,1005,US Lecce,3625656,210,14
2021-05-19,Viitorul Constanta,Astra,1.0,0.0,ROU,RO1,,,,,,0,0
2022-11-13,Viking,Odd,1.0,1.0,NOR,NO1,239,Viking FK,1058,Odd Grenland,3750651,210,8
2022-12-31,Villarreal,Valencia,2.0,1.0,SP1,ES1,1050,Villarreal CF,1049,Valencia CF,3886471,210,3
2022-12-17,Villarreal B,Las Palmas,0.0,1.0,SP2,ES2,11972,Villarreal CF B,472,UD Las Palmas,3850238,160,5
2021-05-07,Virtus Entella,Chievo,1.0,3.0,I2,IT2,20519,Virtus Entella,862,Chievo Verona,3442899,230,10
2022-11-05,Vissel Kobe,Yokohama F. Marinos,1.0,3.0,JPN,JAP1,3958,Vissel Kobe,3828,Yokohama F. Marinos,3746294,250,9
2022-11-05,Vitesse,Sparta Rotterdam,0.0,4.0,N1,NL1,499,Vitesse Arnhem,468,Sparta Rotterdam,3852618,230,3
2018-11-25,Vitoria,Gremio,0.0,0.0,BRA,BRA1,199,Sport Club Corinthians Paulista,17776,Associação Chapecoense de Futebol,3037153,50,7
2022-12-30,Vizela,Guimaraes,3.0,0.0,P1,PO1,6912,FC Vizela,2420,Vitória Guimarães SC,3869145,130,5
2013-05-19,Vladikavkaz,Dynamo Moscow,1.0,0.0,RUS,RU1,2703,Alania Vladikavkaz,121,Dinamo Moscow,2222783,160,7
2022-11-12,Volendam,Utrecht,0.0,4.0,N1,NL1,724,FC Volendam,200,FC Utrecht,3852621,210,4
2014-05-15,Volga N. Novgorod,Ural,1.0,2.0,RUS,RU1,12438,Volga Nizhniy Novgorod,11127,Ural Yekaterinburg,2335301,190,15
2016-05-24,Volgar-Astrakhan,FK Anzi Makhackala,0.0,1.0,RUS,RU1,,,,,,0,0
2022-12-28,Volos NFC,AEK,0.0,4.0,G1,GR1,60949,Volos NPS,2441,AEK Athens,3889087,160,5
2022-11-06,Waalwijk,AZ Alkmaar,3.0,1.0,N1,NL1,235,RKC Waalwijk,1090,AZ Alkmaar,3852616,230,5
2021-04-11,Waasland-Beveren,Kortrijk,3.0,4.0,B1,BE1,28643,KVRS Waasland - SK Beveren,601,KV Kortrijk,3415532,130,6
2019-05-25,Wacker Innsbruck,Mattersburg,4.0,0.0,AUT,A1,2444,FC Wacker Innsbruck,856,SV Mattersburg,3169321,210,3
2022-12-29,Walsall,Stockport,0.0,2.0,E3,GB4,,,,,,0,8
2022-11-12,Waregem,Eupen,5.0,5.0,B1,BE1,3508,Zulte Waregem,1245,KAS Eupen,3851241,210,6
2022-11-11,Warta Poznan,Stal Mielec,1.0,1.0,POL,PL1,7146,Warta Poznan,22431,Stal Mielec,3829052,250,4
2021-11-26,Waterford,UC Dublin,1.0,2.0,IRL,IR1,,,,,,0,0
2022-12-26,Watford,Millwall,0.0,2.0,E1,GB2,1010,Watford FC,1028,Millwall FC,3857039,210,17
2020-06-28,Wehen,St Pauli,5.0,3.0,D2,L2,108,SV Wehen Wiesbaden,35,FC St. Pauli,3204194,160,9
2022-11-12,Werder Bremen,RB Leipzig,1.0,2.0,D1,L1,86,SV Werder Bremen,23826,RB Leipzig,3839266,230,10
2022-12-29,West Brom,Preston,2.0,0.0,E1,GB2,984,West Bromwich Albion,466,Preston North End,3856930,210,8
2022-12-30,West Ham,Brentford,0.0,2.0,E0,GB1,379,West Ham United,1148,Brentford FC,3838270,210,6
2022-12-27,Westerlo,Antwerp,3.0,3.0,B1,BE1,968,KVC Westerlo,1096,Royal Antwerp FC,3851297,210,2
2016-10-31,Wexford,Drogheda,2.0,0.0,IRL,IR1,,,,,,0,0
2022-11-06,Widzew Lodz,Radomiak Radom,1.0,3.0,POL,PL1,88,Widzew Lodz,7154,Radomiak Radom,3829045,250,6
2022-12-29,Wigan,Sunderland,1.0,4.0,E1,GB2,1071,Wigan Athletic,289,Sunderland AFC,3856931,210,8
2022-05-15,Willem II,Utrecht,3.0,0.0,N1,NL1,403,Willem II Tilburg,200,FC Utrecht,3598069,210,9
2022-10-30,Winterthur,St. Gallen,1.0,0.0,SWZ,C1,242,FC Winterthur,257,FC St. Gallen 1879,3840981,210,3
2022-05-21,Wisla,Warta Poznan,0.0,1.0,POL,PL1,422,Wisla Kraków,7146,Warta Poznan,3720558,230,9
2022-11-11,Wisla Plock,Cracovia,1.0,0.0,POL,PL1,2118,Wisla Plock,5689,Cracovia,3829053,250,4
2022-11-05,Wolfsberger AC,Salzburg,1.0,2.0,AUT,A1,4441,Wolfsberger AC,409,Red Bull Salzburg,3856335,230,6
2022-11-08,Wolfsburg,Dortmund,2.0,0.0,D1,L1,82,VfL Wolfsburg,16,Borussia Dortmund,3839254,210,8
2022-12-31,Wolves,Man United,0.0,1.0,E0,GB1,543,Wolverhampton Wanderers,985,Manchester United,3838271,80,6
2022-12-23,Wuhan FC,Dalian Pro,3.0,0.0,CHN,CSL,6450,Wuhan Zall,33304,Dalian Aerbin,3900018,110,7
2022-12-31,Wuhan Three Towns,Tianjin Jinmen Tiger,3.0,0.0,CHN,CSL,65791,Chengdu Rongcheng,33304,Dalian Aerbin,3900029,50,5
2021-05-23,Wurzburger Kickers,Paderborn,1.0,1.0,D2,L2,1557,Würzburger Kickers,127,SC Paderborn 07,3413240,160,8
2022-12-26,Wycombe,Bristol Rvs,2.0,1.0,E2,GB3,1031,Luton Town,1123,Norwich City,3857032,50,17
2020-08-03,Xamax,Lugano,0.0,1.0,SWZ,C1,625,Neuchâtel Xamax,2790,FC Lugano,3197415,210,5
2020-07-11,Xanthi,Asteras Tripolis,1.0,2.0,G1,GR1,,,,,,0,0
2019-12-07,Yamaga,Shonan Bellmare,1.0,1.0,JPN,JAP1,25765,Matsumoto Yamaga,8457,Shonan Bellmare,3149720,230,9
2017-11-04,Yanbian,Guizhou Zhicheng,3.0,0.0,CHN,CSL,8539,Yanbian Funde,36628,Guizhou Hengfeng Zhicheng,2835355,190,8
2022-05-21,Yeni Malatyaspor,Fenerbahce,0.0,5.0,T1,TR1,,,,,,0,0
2019-05-19,Yenisey,Dynamo Moscow,2.0,2.0,RUS,RU1,3714,Metallurg-Enisey Krasnoyarsk,121,Dinamo Moscow,3183699,80,14
2019-05-04,Yeovil,Carlisle,0.0,0.0,E3,GB4,,,,,,0,5
2022-10-29,Yokohama F. Marinos,Urawa Reds,4.0,1.0,JPN,JAP1,3828,Yokohama F. Marinos,828,Urawa Red Diamonds,3746315,180,9
2021-12-04,Yokohama FC,Hokkaido Consadole Sapporo,0.0,1.0,JPN,JAP1,943,Yokohama FC,16032,Hokkaido Consadole Sapporo,3509056,250,10
2022-11-13,Young Boys,Luzern,3.0,0.0,SWZ,C1,452,BSC Young Boys,434,FC Luzern,3841001,210,3
2022-11-12,Zaglebie,Rakow,1.0,2.0,POL,PL1,168,Zaglebie Lubin,9644,Raków Częstochowa,3829054,130,7
2019-05-14,Zaglebie Sosnowiec,Korona Kielce,2.0,4.0,POL,PL1,6560,Zaglebie Sosnowiec,6110,Korona Kielce,3177306,250,3
2022-12-10,Zaragoza,Huesca,3.0,0.0,SP2,ES2,142,Real Zaragoza,5358,SD Huesca,3850223,210,3
2015-06-02,Zawisza,Piast Gliwice,0.0,0.0,POL,PL1,7153,Zawisza Bydgoszcz,6112,Piast Gliwice,2561300,230,4
2022-11-05,Zenit,Akhmat Grozny,1.0,2.0,RUS,RU1,964,Zenit St. Petersburg,3725,Terek Grozny,3925971,160,4
2020-11-18,Zhejiang Greentown,Wuhan FC,2.0,2.0,CHN,CSL,,,,,,0,0
2022-12-31,Zhejiang Professional,Wuhan FC,4.0,0.0,CHN,CSL,17276,Hangzhou Greentown,6450,Wuhan Zall,3900032,80,5
2014-10-19,Zhejiang Yiteng,Shanghai SIPG,1.0,1.0,CHN,CSL,29171,Harbin Yiteng,27190,Shanghai East Asia,2497965,110,6
2022-11-13,Zurich,Servette,4.0,1.0,SWZ,C1,260,FC Zürich,61,Servette FC,3841002,130,3
2022-05-15,Zwolle,PSV Eindhoven,1.0,2.0,N1,NL1,1269,PEC Zwolle,383,PSV Eindhoven,3598052,230,9
